18258,2.28518038926994,-0.12440126335633,-3.16284279414844,0.841745677980649,2.43851500172057,6.44448756573541,5.59993769358137,4.65873202327967,4.40342776709876,3.63872368015007,-7.21546835339021,1.92961742927893,-9.35259239164835,0.0570221869886485,-5.4119983511698,-14.1413330777656,-7.85001696527564,3.09649017023065,-8.45572783052054,6.33406033658319,29.6795093316613,10.837632413577,6.80480189680134,1.69398822809271,10.4140970068403,26.7856719024686,4.96093839937902,-7.12694444201894,6.00721231809331,12.2615776107029,-1.14764777057038,26.4891149357836,-32.2138678738361,-16.1483444923451,0.189379665045476,-2.17863832536076,0.3680196739471,-24.3864459992284,-3.60490404061681,19.1866219758079
19996,-6.34057549996186,1.52798064179389,1.22906215026434,0.50427315378316,9.19395394405391,5.03962511042437,1.26454961327283,7.2330899403845,1.32805886766172,0.540173452798803,-0.0819744853463751,1.19444841960498,2.58877630999952,-1.46237843162946,4.96022328037996,-0.795128576796586,0.705664077101844,-0.338001457393522,1.93758355970228,5.2494642881293,3.58532531598456,-5.17042308609273,-2.6040970354214,1.09170118246482,0.45580832007247,-5.93565624326974,6.96246952946266,-1.96300728626921,-2.44849524876202,-4.59383467390753,1.46106465041277,5.63281943699133,-4.9579539067639,3.17905764526159,2.08529478489671,-3.77738908696644,-3.4873461281816,6.04221988687507,-11.2646831442905,0.978016887555397
21552,-4.19697751301287,1.38112312800654,-2.07356738978202,-4.9082199782102,-3.62925766763405,-8.29169569057369,-5.5662801758503,-2.74981704398816,-20.4670920856334,-8.58387636832335,0.54842516961604,-34.6514247921359,10.6680268648914,-5.71012319129348,-23.7847247933357,-13.395629788497,2.85659982205316,-2.54526991759384,-11.7429744803022,-15.1657247750431,-33.117814739222,-19.4929661601278,-4.86520461774436,-49.3071686623068,9.40647824746262,-16.8053106135143,-61.3874936197726,-37.418309987518,17.9260131783254,-8.01359378560982,-3.96549636515433,-35.1147084094868,47.7139890594116,22.8820178735303,4.5047310937707,68.7188592437553,-16.5859670368238,19.2185198878618,76.1356066282151,44.0983554067681
21622,-4.92041427636668,-5.53177436377102,-5.57525481446644,-5.98779805871692,5.25641348785939,-2.13842133650178,-0.00933744604582776,-3.22889834016878,1.3104606040425,-1.75144390676665,0.457699115753478,0.319853046833049,0.0682012280883031,-0.0741286213241472,0.14538325338685,-0.784893612746344,3.30121050369724,6.25210316087905,-2.63246307538266,3.29041436157285,3.26300673308603,-5.89638536174509,1.16842485472551,-2.67879746554948,1.44161837794038,-0.637794020225181,-4.70615348392923,-2.44393498127302,4.11673117266518,8.73089359723577,-7.39807626217463,0.50154295469461,-2.23867147432496,6.32838171125451,0.52211455242491,1.60777891806429,-0.769046083534141,-0.676700615489637,5.63582917166129,3.3653021439027
21626,-12.6158592435066,-23.2496574508917,-8.07636453954245,7.3693348755961,-33.2237990500316,-3.95423819025469,-20.0988654400822,-4.45402463127118,-1.71828983155457,-5.03254259772424,-1.76253545626875,1.80825612058041,-1.91133827192178,3.9915878069408,-0.174518301586881,-1.00875937612093,-1.15825003451159,1.3037366232393,0.826915148168446,1.44863244917953,5.28510557749308,-4.47372017116525,-2.98001548725959,2.66224173439277,5.52179632602374,5.97958104231939,6.69263004293385,-1.14860836696635,3.2850088115509,4.58055186245223,1.72378769894219,1.1867014829806,-3.47333744611211,8.4884267446322,6.17408523276371,-3.39753775610153,-2.79184467611675,-8.75984002920798,-5.68259862930285,1.03283517835516
21712,-4.26393320969308,-2.29342888613937,-5.56649835436819,-4.88469236826827,-1.33388582813191,-1.54005594806703,-4.02372577844777,0.52242070019574,-14.483784265992,-5.67842385998218,-27.9758437044653,-21.521717137026,-6.77868961741657,3.60559985970865,-7.3068559664473,-6.45738466956288,-32.1641884970852,-28.6133145075254,-14.9535649346634,-12.3773695538116,14.4792047260546,41.1980896323657,-25.1842792964231,-14.542534534838,34.3864844314202,46.1280839523429,43.0937407095774,27.0678645772537,-45.7523634054847,-38.1359385683359,9.78125987124139,-0.412671767329948,5.92093168897281,-38.4419653191643,42.3186568988845,28.2398657436922,-28.4546128578571,-41.2906806819838,-28.5589335985239,-18.6670768449752
25208,-7.0611560467497,-5.46307366723524,-7.17963348198526,-9.28621317010466,5.17704882227275,3.63151722643185,5.44491742636019,5.62612722481057,-0.984815823822555,-2.06488307744676,4.11291271000351,4.13624276867984,2.09568555821118,6.73162458864756,2.26201186242521,5.38438164043806,1.94883793363328,4.8412694183956,3.69756062250877,5.11459505915377,-1.62442946989697,-3.59545918624356,8.03177181898816,3.7872159151788,5.54845142858363,9.65173210558008,5.92203350103241,0.352428503574429,6.90612889575102,3.42272976233465,9.13953536843245,2.62017688979738,3.22356277095115,5.04496941382453,-8.90777469923,-7.22011294983527,-3.63612427559083,-14.2097925485646,-6.48553668504587,-4.67487228863868
25739,-4.23769083607703,-7.00925224410097,-4.68133518288603,-5.67968923822572,-0.643442726468181,2.43311268154481,-0.266440341946433,0.727064315357826,-0.766351910124262,-6.97485235566602,-2.62143930562106,-1.52927368907238,3.72472992984986,-0.667307220618401,-3.83473548500903,-0.137066391626844,0.963146431487956,-0.917258761737402,0.65065122758491,-2.38739747134577,4.07453759024882,-1.53590103182562,3.28372668181602,-0.177909734214916,13.8238318492227,5.17301942049265,7.13394853616461,9.40719608825639,6.5141423486917,3.75857567149153,8.28578042613547,6.92672121626464,-3.53723941066254,8.09906241748665,0.455594252331274,0.72759459765501,-14.3074179845712,-3.53481181051649,-2.54384022567082,-10.4641233328744
25741,-18.1663280167365,-17.0853041400681,-23.4284057593852,-16.4390060951093,7.21435584807882,12.1627392654416,15.4461370419224,6.50964890139547,5.74225742571813,2.12247405913788,0.138476285440323,1.08404577460199,0.275608182456371,1.33991629672638,5.79977979914176,1.21021214412691,5.74456330938576,2.18955228095238,-1.41147748401038,1.01099102272419,3.81333044957726,-5.02804994823286,1.13938677921456,-7.94435088063025,-1.39319263825504,-1.12644185387491,4.5733525399211,-8.62425695627054,6.37734157064198,-8.09399101401638,-5.87099391074102,-3.88882390823542,-7.92041766796912,2.01770263799345,-0.578479642151398,7.02881032827913,3.11271199818036,1.46692147728143,-7.27955842893961,7.89610706086217
25742,-0.750326311126445,-4.56367639425544,-0.990008667346544,7.15418940053983,2.15004526287225,6.06993153537898,-0.426407261999524,-5.07737590527617,-0.694736870934933,3.39806934564974,-2.38748209719004,-0.590745977826247,-4.29919656302525,-4.02637887162278,-2.55653242572004,-3.71392681449304,-1.21010905526649,-0.949615214744028,3.19152359280007,-2.59345206983788,0.290371515837279,4.4880508617221,-5.96088120398781,1.29840894046898,-7.70567315702879,-4.68804059278843,-2.38106281279792,-6.60538511184884,2.4140856577008,-2.36281341406827,4.92921839210531,-4.88831879105918,0.680823171216712,-5.67735911588841,8.042328257822,0.0403049431723472,11.8059977016562,9.1868588700541,4.61614044769966,9.68784571121365
25774,-5.86431867458272,0.362498321302422,-4.28938967268458,-3.7179261989981,10.5506247469545,3.25843732955677,7.8199546937153,5.35012073500877,-0.775357507603423,2.14059219151768,6.12174809013887,-2.12207088919524,-0.998108452182032,0.139417946289023,-0.916212668757564,0.517878576606716,-1.35609641136075,7.46053264221143,2.0974301028241,-6.61021916302747,1.6190709223347,-2.02055214531431,-0.220732950394074,1.05965937003335,-2.8209769050827,-2.49924419132754,2.06016082860133,4.50927564712287,0.141037330235128,3.51179854813709,8.74948709751331,-7.59628281546446,-3.5545898407611,-0.981938684263115,-8.02506501227321,-1.01706165812205,-3.46318059062826,-4.64853072397334,-6.60526831286404,-8.90399971622837
25776,-4.10387424770798,-4.80251074917975,-4.4054915252402,-5.30720336520611,4.37816041886169,4.92444098890646,3.54816164012764,5.42061323584536,2.88771744539643,1.30838007004052,-1.83606697326726,1.64017322767588,-0.763253092537092,-4.27006525574086,0.904951146722022,0.371241041519479,-4.07033466958113,-1.07160529105818,-4.99110418874287,-0.819873658666443,3.58127973829649,2.89964792911233,-3.05300408974111,3.92848555267998,8.2174124502153,-7.37561099064153,2.63875696383344,-4.00443003978085,-1.74774050138163,1.68907816748699,-6.19065237494782,4.4360236249676,-5.53668966835788,-4.08575845183725,3.73690095868413,-4.54497335286867,-3.33230859836381,9.89233648661914,-4.25660252868084,3.87720978641295
25798,-6.80118149078706,-6.86187769164966,-6.77500651873221,-4.87564146598851,11.3468636962189,8.86199642030447,7.17235576314934,8.20529394758441,-2.7021268349494,0.852322698290945,3.7531000428841,2.56714284857833,6.16876056453588,2.23479543192229,-6.47027729019271,-3.23591685469681,1.4302173322529,-0.0797637887822104,7.30976562537032,1.80185316696909,-2.09716056965795,2.24445131882337,11.3578306365556,4.92195837732616,16.8190313401629,0.148973002344052,-10.0669832929502,-1.18844152444452,2.39890459581657,1.47945159936542,11.4814725337018,-1.19799750819561,4.99220549813207,-3.50187070363397,-17.5530179661783,-8.29802328988485,-24.0959036851592,-5.53491602489904,12.5534743112093,1.14369578705025
25799,-2.33609021332359,-2.41151036964905,-7.3491651965828,-3.62632102981021,2.80908668954017,3.63380854689154,7.25336449913106,2.98626727770641,0.17014821511158,-2.65744047746107,-11.0778164647065,14.4087414416311,3.60751567557049,4.10035181652166,-1.03167083300451,2.62081203422667,-7.72176054101132,0.643716612498856,6.33362795419112,4.65623103979725,0.362662454612598,-9.12442661973989,-5.08416332458172,22.8368068898813,12.6314697883396,22.5423699941894,5.68070587807026,15.6471158043028,-8.92150288973075,13.3593060113565,11.5558976080322,17.0387735432776,-3.54410165505203,11.8902808373812,18.5658632073252,-28.1340004970667,-10.3597141935368,-20.3830583852626,-1.68371486411523,-13.17976381682
25800,-4.40583802071846,-13.7854517986278,-8.08014713087187,-1.04754720791017,-3.12412827033146,4.20773435078113,-3.01092282969241,-8.46264970765195,1.64021348103803,1.58263593435599,-0.607238641830155,-1.4886788239231,-4.41347561423092,0.664283274145022,-1.88878839329358,-1.87310273667168,2.56982807241589,-2.4005743570786,-2.10569388944474,3.91269091266813,2.64439046270763,0.989623243127668,8.15440420318949,-2.33082658293011,3.68686986340739,3.43466110572192,1.80002703848431,-2.05480841545549,11.6868262533006,2.96173165343204,-3.43887594766266,4.26618036546018,-2.70772074673247,-1.5737373013519,-9.1111726677762,1.74930415372826,1.68213554491677,-3.37812542307602,-1.33577906509589,1.78316172652243
25801,-4.5080627336655,-3.22692452976279,-4.75726243798423,-3.85687102570607,2.26437824506185,1.02296962328251,3.90574202789645,3.76432609020276,-0.933889156736417,-1.31160083681114,1.9585558750123,1.56622869635296,2.28867209834613,2.85070486507447,-1.05115546529641,-0.761933042205048,6.07189765751072,-0.678994653073448,-0.134506040866921,-0.0808446086125629,-0.288061840934641,-5.70527464976398,-1.881163078804,-1.5171905395284,7.50836916158634,5.26481774594358,-4.5539809786068,-3.18191820756974,8.7521674727146,-4.88824796645075,0.118527926287768,-6.52519672712227,-0.792068002215657,3.84398605555901,-0.630651933813852,-2.90360613260343,-8.23924090629821,-8.61258631924997,3.22026466764102,1.52766280782847
26019,-24.3364228546697,-37.884136312078,-39.1685248310965,-5.64422405534398,27.2574408249729,17.9347210353572,1.97631063775818,10.5654671943883,0.420667610619905,-0.961084149331684,-2.60077358104404,0.280621494922672,1.73393654384932,0.483303139811142,0.149530164579243,-0.0231562177942821,-0.346601570238483,-0.215059625547372,-3.76694272761907,2.08703529967431,-8.77014027510254,-10.5531993785024,-6.15715099436,-9.52446375654124,2.87384567347489,-12.2137737233982,-6.98083248485994,-9.46125665384179,7.41618055957369,-8.98754379506638,-4.21914138041401,-4.89289351640644,9.84422626181371,9.92146104821006,9.08548599052225,7.91445195260947,-0.862116691910255,13.2595691534796,6.27145473410834,12.8896667812529
26062,-3.6398519562691,-3.03340263963764,-1.3270569873034,-5.71611930522236,-3.52144813845026,-6.0732221313673,-2.20960575188255,-4.05396751975872,0.834136107181224,0.247409116131438,0.782431760869758,-0.91443473728888,3.46517587612126,2.0613205642326,-0.525592250586736,-1.00455089802487,1.41442224110797,2.63306177550704,4.57556086501879,-0.385723668025184,2.68655510966853,0.920171028195411,1.35766075119368,-1.91794812603948,5.67158851001836,-0.859361625667722,-2.68888385064081,-1.13962479324595,3.40141027293913,2.63031337398025,8.45267013686886,-0.302337621045757,-1.2916183350207,-1.50029327297092,0.77828439811282,4.42610953013728,-4.59377762803275,0.881529674344232,3.59469812693719,3.5478579053431
26067,0.150153577106473,-2.54109178372299,2.74142265485656,4.1379850743969,6.26817381353538,7.25817830108691,4.83569492985849,4.21631819310224,7.61221933147185,-1.27969983398234,1.49661407177426,1.70835377300612,3.47699137861315,-0.429156807928914,5.86624001692743,0.402866396183883,5.09887141012543,0.0564243965506073,0.402683644510549,1.91469085004556,5.43102567828348,-5.45690624861417,-1.06599389406967,-5.57196623944637,3.15006859110493,-4.71276182291652,6.71328281599919,-3.60586357229496,8.25910549498544,-3.76514129457441,-3.83868710111022,-5.22362851564634,-9.80260756974403,8.30088996710577,0.436739649229677,7.77738375780034,-1.89049178290109,8.44321672864504,-9.20345699060643,6.04537648401117
26068,-80.2185111460076,-73.0119658215851,-71.9016302595401,-72.5417856778988,82.0977386173658,86.3915144219854,94.0989853859934,89.8513068110368,-0.962570619616931,5.45579064659539,3.54790393857825,0.422256405301173,-2.98292866055435,3.47639136151072,0.103595847560594,0.258696019780753,-0.583704253879294,3.4772251297661,5.54796179921352,3.43140684248041,-0.0792962215136468,13.9993693581578,4.83866645631942,-4.83282865817914,-4.45005662814339,1.22062704709762,0.709284768158922,6.39837492901136,-2.74374465320326,-1.42079031692287,3.86563775132965,1.15843134263556,1.80734875705545,-13.6590345530255,-11.8415528011193,4.04153160320231,-0.594983834947574,-4.47331254753075,-0.158060322817498,-4.35244460920068
26070,-1.29200234839542,3.55010423386529,1.10758626294185,2.44125121512732,1.65032475477103,-0.887023492512588,-0.679055618940518,-2.18024350767968,-4.33222254095759,-2.93620241470951,-5.71740881760177,-6.3651825091472,-9.11029442412567,-7.41932530555085,4.75465702399995,-1.0409384357391,-2.03147180271938,-4.40218361547798,-5.42287445015323,-11.2967616936068,7.7989268548391,9.80622557081228,-0.662949229490598,4.4540311647298,-4.94604822243128,-5.40260365896014,15.8542838834843,14.0454614166104,2.18765739356062,5.07126922896167,3.5413313453894,-4.89155902565986,-2.19691156812595,-4.55516020668481,4.77732014347788,4.2011239768707,10.4361178003362,15.0487669820856,-17.0862990766885,-12.817294446673
26088,13.181166082215,-23.3930239745526,-10.0534746129153,-26.0645318021367,-9.42180265458794,7.62323393885962,0.940814507143503,0.173602496938889,8.80036747364085,6.37888135917148,0.666953514199515,5.98257367906349,1.29759045512694,6.27737799828804,5.18441652834103,5.21024446219196,-1.80598710359948,3.19541659246195,2.16719003842279,6.42781512505101,4.75403905266725,4.65487061151137,-5.47583421087237,0.455953057498863,-3.15511674651921,0.411531788042803,4.76600420769665,1.26271683559823,-3.96906582023251,-6.53975045649984,-4.95754286674573,5.5180856127809,-9.98866354197743,-6.96893258090495,7.37565510589876,-4.04229017837019,4.43143562505665,-4.30329174469351,-7.9918576795165,-4.80035738761624
26089,-198.397544260247,-299.120346028312,-320.063407328009,-290.27401537216,-168.937644774563,-179.16085582363,-140.83797842534,-89.0168755317451,2.18478584076665,-3.53765152250129,1.03018719492806,-1.33017550730149,0.492202803689685,-2.75663143458585,0.908197620697146,-1.33506678657728,-2.85057037079057,3.43703039557009,0.908213374036517,-2.66542873551393,4.63466567082426,-4.40237223379476,7.32648432044148,3.71319953872672,6.17456196959386,-6.95530331274358,11.1140257232174,2.45955319576168,6.48144598726302,8.2468022062259,10.5964567674698,-4.11036811645573,-6.70731776338448,6.81034549003576,-7.10212900483995,-0.0464086827005472,-2.7501863027488,11.3280105213038,-8.82916587126059,0.994709637536871
26090,28.3376203256362,37.0216452353563,17.6496551657308,40.5835335876302,-37.5795378251018,-42.0972686468147,-33.2456127629442,-44.7934127967008,2.56759301602394,1.67791427681094,1.35729949820389,3.079966742441,1.48851739314413,1.16106427981919,0.858033841365724,2.53818363672448,1.5240007028736,-1.18570390559436,-0.218075248213014,3.57129426635545,-4.32867992748428,-0.477376185152577,-0.535865338696112,-4.76084922449728,-0.788812785592314,-0.905077795821492,-4.79756502959136,0.787203481555216,-1.43083312237858,-11.4634435562217,-2.38661641676753,1.55386629410219,1.82814125348156,0.624079095509324,0.680870489751218,1.9897683097874,0.366557509427831,0.126291646368482,4.78619619272911,-1.7434231348527
26091,-9.85779931671876,-14.6016179114799,-29.4092582831038,-26.7347011112069,-7.43066701544454,-1.30974787644694,10.5105319046584,18.895898122083,-10.3301047920924,-12.8674039538734,-5.67126627494786,-10.5608442706512,-7.30578842148893,-8.29551349204271,-3.57480986052773,-9.3814273767719,-8.75591687798145,-9.98844920165843,-8.93646824640847,-2.43874250435734,-12.7334423930733,-22.1814731360069,-3.78497561810068,-19.2537180312524,-14.0523159481655,-11.3494753741369,0.0649795470869119,-13.6498657004811,-10.1261869652936,-8.73343970001357,-6.02973722786982,-1.95527163127299,21.7794890983647,30.1421804915421,9.76287999206907,25.6112777591501,20.1927199341483,17.3224578389273,5.03005305631951,18.4477758060598
26092,-11.2031309650521,-10.7501482090431,-17.2530701246511,-22.2000081781389,3.73515876956764,6.28058759984013,6.32345065609866,23.0944817573353,11.0660121561344,-17.9001432235071,13.7671879064036,5.82130874201383,5.11406902212311,18.5985469077188,-5.38319499354846,1.76772141277956,-19.9474426358116,11.5768368335845,6.41377093098011,0.026622059782861,35.7565170521894,13.4664988691336,40.7030017657508,12.7796627481906,6.42844855446075,45.2588305124075,-15.240604170112,2.66466511931552,-22.5809644429481,28.6403431661612,45.7861248428998,-22.9046589227709,-35.5382450585599,9.13312603803631,-51.3370646808467,-10.5365964725908,-4.44541247380883,-57.5261896232081,13.2082648605151,13.7681302363239
26171,-21.6924576322735,-37.8956192236884,-15.9269481926737,-20.0510300985001,12.8704410296392,49.0888410302685,33.7252497187308,48.0550774359127,0.37898654821826,5.27245329162313,0.55391085733699,0.689988958770148,0.215736671464706,1.42166828654979,0.0280868858060183,3.87606216631231,-0.149898333704448,-1.14300407911611,-0.41529354476068,-0.659956761550949,-5.26506881278402,4.17596495656888,-1.60986937790156,-3.65958542905188,-0.400172619090756,-1.94551936436388,-5.07888015723786,2.17356161116938,-0.899963782571878,-4.00756512260659,-4.95392280770175,-4.38635916778329,4.92243265860978,-7.43101406629859,2.51403345207557,1.77817475313014,1.3933156088379,-0.0885462008226541,4.54441691318167,-4.97339827712495
26172,-3.45093862947884,-5.11515190436834,-7.00906009238366,-6.12702592803625,4.9971522359917,8.34141044694513,7.64851188081168,7.86728869324193,-2.34042842379852,-1.31884663291326,4.17412740717701,7.10628988902674,1.29351792997325,-0.404993586848708,0.882877057035771,0.510930092371158,4.69231636455313,1.39646489307783,5.10528568683845,-1.20748178360865,-0.255597997031643,-9.78847203387622,14.773159346515,1.99156189035192,7.6289363677257,-8.70150478374647,6.63636247528549,-8.42973199236916,13.8452280692305,-0.177907911104575,13.8175899580913,-6.56628964707336,2.39916177740665,9.78093274239487,-14.2353110652855,-4.91436586208732,-6.68313275371906,9.99113007182494,-6.36605005727868,9.80074071651383
26255,-4.30326993046001,-1.16317851008585,-4.33251841142097,-1.35260321699528,1.9351097220776,0.840352007465642,2.56865761136101,1.37595514687681,-5.5856910220065,-0.395654596203526,2.07229284943619,-2.24608299924866,2.9505975886642,-4.30876545759155,1.51934814347084,2.29645292484392,2.55923511100113,-2.52075023786834,2.68332119731521,-2.06067307177881,-12.5086573143808,-7.73452866856817,5.04640576613307,-13.7496110116896,-2.22618222716854,-12.714152216449,-2.44725565484893,0.0223816266648296,5.4493626652393,-3.277218690009,4.3782169315103,-5.47869643557476,8.44673118765955,-1.21681300380181,-11.3504799596539,9.57735598607168,-3.65453836514947,8.7020783180832,-3.01608965884462,-8.94503899439246
27661,-5.76623172342126,-6.17324638294055,-6.05942165917877,-4.95407283771801,1.51703351107977,2.68845854026765,0.659150846788286,0.923076555609967,3.82732222151045,12.0391495355164,3.97986885628227,10.1191639463198,-0.708388142526949,6.04458843403693,4.64844753056096,1.25460997904781,0.194449241969614,2.17738183722531,-1.76997134129825,4.99534483963528,-7.11487747174033,9.04260415680144,2.72314855489877,3.45821839318676,-2.83499253437364,7.40767837596584,-4.31736477334631,-4.12313595593044,-3.64379267182822,-3.46513748610345,-13.9312539026375,7.44134815154342,11.9149529030105,-11.1980325448142,2.12748893193629,-9.22572079280109,8.68143879404941,-8.28932001483704,9.12595732619672,5.50095699471582
28287,-1.04895742413208,-13.6427273818439,4.04874232410181,8.91443930947993,0.130277583592596,35.2779978986382,22.9389970445646,17.0830833199637,-18.7813831207438,-26.0262510129721,-11.4443427275935,-4.55932677165872,-2.69292856313724,0.111513639305451,-13.667945352888,-21.1072737926178,-19.076334956769,-16.8177817477676,-17.2759689191564,-4.47285382871561,-10.3151706022564,-10.124077417282,0.855379121657143,14.8962489609512,5.64488259832519,2.4529133951389,17.732283007904,-3.17278977698784,12.6803166042652,2.81110944223751,8.92685519769116,15.7121432045168,10.3149971753264,23.9317780519329,-3.43253059122672,-8.08242017607971,-12.2878534699169,-11.204092227904,-16.7892385671031,6.7808035547813
28289,-6.26079518468879,-5.25025291396346,-6.81718720731319,-7.22817444231069,8.19308204619122,3.1547027840076,8.85174807516583,7.86673639805807,0.539900198362654,-1.07916575039284,3.68910556160559,-0.362605767096379,0.835547482422846,-3.78261352704396,-2.89153408487505,-0.205065827439347,-1.57093939268508,-0.645178213183208,-0.979674409407892,-1.20689526289134,2.00231015727717,3.11972462137726,9.08068685209753,2.1395627958193,7.73810188084195,-4.12254390594079,2.5338784501762,1.41286830486922,6.96755910195519,2.39835744183908,3.77560381079607,-1.94925603189623,-1.51277457543666,-2.96592634329572,-10.013654282062,-0.399224973694323,-6.32398596838047,8.72579199236193,1.89549212582259,-0.20129616505605
28318,5.85009581928204,-8.92945063827105,-7.53339635353941,-7.80417165759717,1.24863456388387,21.897632468071,12.0367896359486,7.98347268674749,-0.777928080389301,-0.504806290016128,1.81798909630834,0.920697185278172,-2.63859305366187,-2.59468474297207,-0.666920273787307,-1.26730112570095,2.52386141640594,3.83642885565415,-5.11201479883694,-4.14737201381731,8.70055825912914,9.52029887731839,13.3317296489796,7.56955717598751,6.58424155977204,2.64368322424531,4.45200414948853,3.09390342869081,11.9755036224423,11.9595886424311,1.87253449236654,2.49977854363095,-6.00666065197961,-7.38232450945896,-13.2940735575448,-7.11425585669082,-3.8416290497046,2.9764860346341,-2.53664715025538,0.3073196104446
28335,-6.46283669784235,-13.4955881682536,-8.44728523371293,-6.24487814209953,-2.4605044785724,8.34670940873473,0.755752606106785,-3.41920899439171,58.4072058283891,9.66183756865877,-4.1317842114306,-89.3016245694166,1.47416267879133,124.074465761148,-96.3997832787592,264.094123393927,-93.2841786526309,39.7147874512757,57.2925366813918,144.507730241294,17.4227670726118,74.2514081538063,27.983190411687,-89.176877863337,35.5348918936905,157.436481899693,-155.687800341325,164.428320864058,-216.281639428493,-181.707389222144,-56.0807694334036,144.966576800214,4.52437641642557,31.3950197174871,62.2851213468501,195.874413466909,64.3589194155314,-174.067659315204,286.359389159473,-331.259699655207
28404,-6.41085949795882,-4.74612922084692,-3.53536910038457,-4.92162527091541,3.13745872236511,0.535389182488264,3.13789389446393,-0.349985336812852,-2.76205204522018,5.28674036104356,0.646912308877293,4.32285014654189,0.809598615770011,4.74262110624812,3.40994702627863,10.8687277065052,2.24243943522246,0.321420066536336,-7.32579966126446,5.14734209022271,-0.562809676660403,21.9698243774907,1.02894487245507,9.66817951183261,6.59664006736136,14.6558532742758,16.3091234052695,24.3565699978401,7.49914877068738,15.2965906280688,7.90231171781074,16.7435057828901,2.35954280289968,-23.498791012321,-2.29756652887891,-13.2710492728604,-4.5380236350417,-16.9293657577491,-17.9161339615791,-31.0452455514161
28436,-5.59863141777433,-22.4162734330929,4.3061611350864,-18.7037196096282,-12.9332130768904,-33.5908203348503,-35.0135509280337,0.96023121459948,1.26726998537932,0.810651433529358,3.57461020782691,2.21783859014191,4.77453502442997,3.23847931548871,4.87093672564527,-3.58674183642049,-0.663478070747676,0.965484612513467,-0.885504582801444,-0.00543929768582129,5.49729940972548,0.233154740214047,9.14299035337783,-0.735122050222004,13.4273075649255,4.88841005234787,11.0634306188045,-4.84778628084571,-1.48831751251197,1.11897268536037,6.37070680010149,-1.86409104195633,-1.78727461656687,0.743800089805679,-4.47118492574953,0.527718633267238,-8.724065345727,-1.43071149652096,-9.05761265633603,11.2406125221986
28475,-9.67844063859311,-5.78455718126324,-5.18643882980486,0.668118148054952,6.31641331461013,5.85935765943688,4.82345058810663,4.099166468109,0.771387720543026,4.01655083181006,-0.756421562135747,-5.29523804032501,5.4322973393076,2.42995944343845,2.15769808444074,0.577930015108736,4.88903401866609,0.275125570020702,5.6958998760414,-5.1183571344335,5.20699317145573,6.76493131516779,5.78867492337469,-7.60448630159087,11.8983625949332,4.17990163718168,4.67804612982784,7.89087441964183,13.5631050991304,-0.14315852916154,8.53086491703007,-1.92407693095251,-4.0220172260039,-6.31761750623408,-3.15500002015774,14.5200954849567,-11.9580429104275,-3.93656619121766,-5.42252662557691,-6.29458355961545
28485,-6.64102054767361,-3.53451641301468,-6.11673175031756,-4.06988655205471,2.42370025253675,1.53127379495512,1.72346883813481,0.402206066212814,-1.60895518430273,3.60031600385397,4.23198512024768,1.4840223293249,4.46547748783052,1.77907168349964,2.39137749712528,1.01631156893482,4.01757419113989,5.57960207553999,3.02603550567529,2.87047416576286,-0.654778573850304,3.77126657622962,6.140647303757,-0.995421498611206,10.3582437842741,2.46643513447989,1.04435204865723,-3.26911659976719,8.87505405162835,9.31132747361131,2.26460954312091,6.81618395443523,-0.467722012464128,-9.64828345772461,-10.4845159178144,-2.83066932061176,-14.5770785153349,-6.79034927420947,-4.90885651560243,0.588447205349511
28545,-27.486616902906,-14.982410147198,8.46921953424755,-23.6940456646095,-10.0507669655126,-33.6621898395102,-45.9564219436215,-16.4889354838899,4.16018805380389,2.85059745830363,3.50247097881488,2.85819097064173,-0.563385840516326,1.40656720551242,1.74431330044987,3.9564010462627,0.318911980024197,4.54946034047746,2.74774603895322,0.346598820604277,-8.53878822307092,-8.29351457656977,-5.64536601124426,-7.05268046666989,-6.19658082707998,-2.65167924739279,-9.07045340580511,0.360001581553712,-2.9024606823991,-6.26796416905136,-4.41089764069342,-10.8553644502366,3.5965669116318,3.1474089873519,0.931731742058934,3.3640155097164,6.65362602465978,-0.0972556989596853,6.56003704351315,-4.18386200928203
28546,21.3613407508219,17.5719211064763,-3.61789067674746,-6.21102407648787,-21.5494036001114,-14.9943519783083,-5.0376250561533,5.56223248994703,3.65416546384682,2.29777786457504,-0.729228283555395,5.30581535836379,-0.793997249612423,0.565649415830593,-0.570923555912516,1.2172722461172,-0.0545587064319246,0.849204667994642,-0.418413389744068,1.60802313937507,-1.61616396368551,4.3777509799378,-1.8856488490442,7.01314657728908,-4.92091632754505,-2.74898589475441,-1.15117119951914,-1.31242551275515,4.27657520291909,-3.33657500029443,-5.18907445445805,0.514377890280579,-1.71754904526981,-7.35631839583637,2.75054617224689,-11.0693481174476,8.31877006982813,2.16826398724561,1.44016292687028,-0.0891972816198225
28675,13.143094645343,12.4774735480719,7.92959320502242,5.61839074983454,-6.47153954090331,-10.2853830888933,-1.4602056256586,0.52560742937588,0.0104664734376583,-1.62176718817493,-2.98578843623565,-3.07064907900603,-3.01646923328449,-3.65575960447497,2.75295757902201,-4.08519449192428,-5.87142355709335,-0.829200947419225,-5.06848827583676,-0.601705726748858,7.03951272773421,0.598372838317943,9.45088689478072,-7.53907094328802,1.62361419313038,-2.52991482935584,10.3176764092172,-1.12761116438341,3.44882824047192,2.40598387209259,-0.588901535271618,3.7824797510477,-5.71864239813482,2.47837424850036,-2.80379429261332,11.4380014082388,5.07664641512162,6.37831676793864,-8.37744816013664,5.14247813988242
28962,-1.26311458682389,-5.66141901094402,-5.39391900284719,-13.3915792700425,-16.5736668051326,-6.67021692611082,-3.64182727421422,-0.0833394685527289,0.177925520300342,1.2768982995614,2.04716020771368,3.62556161851657,4.26459206681861,4.32004119685667,0.804387970141648,2.65329077056617,1.30421455662073,4.63981913459104,3.18529978255421,5.72151653663298,-10.4769321918408,-5.21282749292367,-7.90701230451794,-3.41950732608854,-3.49016166883683,-2.10367462405874,-6.71026555995302,-5.93119292821134,-10.2726259197385,2.15062386109448,-5.78015746891307,-3.12397977252904,8.47725069046068,1.97312043876403,4.32952703600717,-0.0747078098278617,-1.89322073577059,-4.69976949192561,3.88704313420504,2.1170711544242
29131,-2.26174369269731,-2.56538191160645,-7.14466047493991,-2.73688654385626,3.54901631975208,4.32246060456607,5.72895713692057,6.51406233130906,-0.91369487407248,2.1124774109526,0.770983164711334,-0.335170037398541,-1.92296357617915,-0.312349805536051,0.958360840399882,3.0721689525175,1.28000890547544,2.24045311950308,-4.31527202250845,-2.48141181713063,-5.15998998508247,-5.38356212515199,1.21109136458972,-5.12783585957719,-2.01377395107432,-5.59747896747124,-1.07867608265787,2.54205804798915,4.0082034181329,2.06882841838425,-7.73096843070012,-2.56336660513289,5.5623049667421,2.9173586784693,-2.47394299148418,2.45574750121257,1.75906569557242,3.81429124076932,1.12035325241616,-6.0961001143134
29132,5.10041288888587,4.54020309860206,0.528539455661163,3.2075738587275,-5.97519254348845,-4.14769264116739,-4.24471553158528,-5.60823067297102,3.69481226137263,-2.56219071911042,1.97789276015113,6.19477016761483,3.88977015253728,6.47680621310355,2.39491315687013,-0.473950241514024,1.44770368662862,3.59258862185925,5.66406813185085,5.7452718596148,2.59664841596507,-7.90800529962944,4.62500645524918,0.186421789684626,1.8474665570061,1.69449602098095,2.79719224530342,-6.39265238513092,1.67337483635972,2.07708260314124,6.82172050156983,1.49585601312656,-5.15807439740016,9.48704477858535,-3.78718485188071,-4.47747451187688,-1.28060374318186,-7.07250903411174,-4.32326953313234,4.82397228813869
29287,-5.41895871477695,17.1046357632372,1.62561606033104,-10.7561247592925,2.50941915659995,-3.00283723100111,-10.7089576683103,2.22200852643689,-2.73410494637731,-1.40243490035487,-3.96392944459028,-1.02370073471282,2.57171950093011,-1.83407299164587,0.24905184927511,-2.46643438380179,-1.56007510564988,-0.244818578862653,-1.23530647220311,-0.586101900487498,-5.40994102392641,-7.91616102973546,-10.4359937571572,-3.89656892714904,1.93217374723522,2.83053462301995,-4.29756553255938,-4.72751010473705,-4.93186437949911,3.17909719051158,-3.12774393372891,-2.9690920252278,7.98647052662734,7.89730017706427,13.4280653057896,4.72049162002426,-2.12368744325556,-2.30223677070289,4.97548081145718,7.16793428005787
29299,-25.8774224432788,-18.1464140592379,-14.9251595995161,-20.3576092738762,33.8035897390219,22.4334270093651,25.5294683705141,24.3839158771678,-1.39821762098184,-4.00174036078384,3.97471170703638,0.548138161220935,4.79601674661694,-1.29212929432627,3.51546960922484,-1.91856010190989,1.78313634784638,-4.15176129770123,1.05689775051753,0.746336123714974,13.5538276811409,-1.30678013493246,22.2518320066249,7.22188041334062,25.2171188446981,5.57982179163949,19.6289432280219,2.47534299006616,19.9161603096131,-3.9747925719009,19.2372440633074,7.31715945300241,-9.29831385557515,5.87151622757229,-21.5947382162805,-6.21157535820902,-25.2771534358556,-1.11428523115599,-19.3527563078801,1.91759076401054
29313,-5.38487045399084,-4.58364716586112,-6.63499744208922,-6.22422214852698,3.92012475299774,4.57480557705324,6.69594014487405,3.70825181211178,-1.74648847800017,1.92334639853053,4.71318443903072,-3.04286360458903,-3.43614723826088,-1.72699342546273,2.91321409066589,-2.74019050776362,2.17386337034141,1.40222112639727,-0.380965460222622,2.17930435209842,-4.28594330744757,-0.926332276985755,3.84524758833537,-9.9817892945306,-5.77160335000501,-9.2230991854729,-0.971058914109245,-7.54786560441744,2.44343329497353,-4.54415444722564,-5.88252473400726,-3.54258193149116,4.02229409407403,-0.954554324081528,-8.15626685582238,8.14103470307293,8.02214503095381,9.19557603620473,-1.29256113901197,7.55710432391305
29349,49.7608418099087,34.1489215920073,33.0459145523772,58.5012454275675,-29.3449586978654,-20.8566090148507,-32.1476375838215,-10.5065965810862,0.175636087631843,1.51461197121857,-1.69239228721852,-4.2813906215033,-10.009472152468,-5.22628235023179,-7.78918371842713,-5.03804754896896,-1.33633283110079,0.942756159716674,0.555851952104171,2.5883466303371,0.99916410591749,0.535683566260026,5.58666394834524,-0.242205563078693,-7.53599311685516,2.49456684038359,-7.4051153253126,-5.1026176707588,2.98140776175373,0.378528130794668,6.20023337443469,2.22483497736982,1.39711240239905,-0.112112651372761,-2.33139279738188,5.86158140200687,18.6068125094062,4.93316556402688,16.3965523149066,9.47660235807018
29362,-117.001871063318,-247.666549074414,-55.4077479926347,-46.2823458820849,154.848579613018,221.168843492941,158.719360639301,114.820877249389,-0.132024729929115,-3.40503043086924,-2.21757876695769,0.618447594764757,-0.529304237825444,-2.34713389266247,-0.411065769037651,-0.14946742610946,-0.291843992772404,0.308348141659003,1.02226959408232,-1.12486919460949,2.26508615944854,-5.70072362302435,-2.76522177868276,0.311229209329665,2.78410292649004,-4.01471882886682,1.08701770484286,4.17545187424343,3.98441364766559,4.69395090127716,2.2858178453336,-1.32067111020401,-2.90301956553714,8.84764603800049,2.09272329398973,-1.31574751325786,-2.2917148246682,4.66873578983895,-0.936716765016255,-2.5000801871228
29363,-45.3401214900288,-9.2106191964217,-23.3918808873593,-4.78772572536079,30.0967738709223,24.3364264358388,21.9153650662756,6.94508184473533,8.70584778770711,0.094000037607195,-7.39709140076078,-1.07359940297072,1.73648340360716,-5.15191627263653,4.28055199158234,-5.73876005520832,-0.945367688966485,6.91673378025397,-6.26271593276345,-2.41429736223114,17.8286279018076,-15.4237211909059,-12.5099459375576,-1.12916807657779,1.31366698313149,-18.7690024331043,2.83504961600444,-3.6178187660392,-18.4488817672109,8.57667938008442,-16.557960998954,-6.8219563938989,-17.906854336743,19.2262286885564,17.7172359239064,8.86718420467142,5.04258627432716,30.312878911945,0.116693312300645,13.4482019275637
29616,-1.27217158904515,0.129862908721738,-3.08964085168017,-2.50183176365567,4.08407949336305,2.05007965724752,3.23147180934367,2.27593318594544,-1.98397431193375,0.206371542864387,-1.59940969134098,-2.65837282618705,4.75417232291825,-1.48284205857221,-4.17659057856907,2.7402353605551,0.889474053516525,0.568539236235364,0.211760958221071,2.33345975623401,1.97791269354057,6.4542071874608,-0.788298682817898,-5.95861707024814,2.20167908261437,1.59724455156709,-6.73776603270572,1.62483612020007,4.06791432870741,1.69461771821647,1.0480370177781,2.89318065622234,2.86207296464236,-5.09964085062539,2.59188692474835,11.8600799885945,-3.8893949111386,1.22100144211227,11.4061323083005,-1.38009573846513
29894,-10.7408510438588,2.47445889586987,3.63762930755055,-7.27208584065048,24.4038737419921,12.0625056999796,20.1796796125251,23.4974452958571,-2.56554642406471,-2.87501624329586,-2.36340211524087,-1.83922022822777,-2.07179664245508,-4.69495262844685,-1.95275805050981,-4.6140974072942,-2.8479799537378,-1.91449759817837,-4.9435104049719,-2.01672100610865,-7.88563228351249,-5.31244273330572,-4.48942965418438,-0.821469197542369,-2.07643068007317,-6.50531235713278,0.410263965357546,-6.51384391420778,-6.25439736256889,-3.83701658311752,-9.80242960785711,-3.29010511892109,9.07761563376758,8.16942493751027,4.79595053152763,1.05782291380059,2.79024798629061,10.5593623732661,1.33724282003403,10.5103729095742
30098,-24.5673119599357,-28.3886295207164,-20.9435088927337,-30.9969167374485,15.2436793464588,15.9392454555912,26.9353480868959,19.6420895002487,-4.33455545569038,0.110321774664793,1.21743824273886,1.62019790388997,-2.28907485825593,3.69293421666224,-5.88446554171132,6.7306861429343,-6.01247610114929,-2.08455136547783,1.54730037632663,0.960779171449613,-3.6245009569142,2.51653546618191,2.41486631522742,2.6570669552985,3.50268454526598,4.96687697383192,-6.40010770194232,8.37904841068598,-3.26488810057416,-2.31785105992849,2.30394887784018,-2.40553229276654,6.68130939728742,-1.32802466772441,-5.62444437476216,-4.67034701018857,-2.57597624694412,-9.08734988042736,10.4103459309314,-14.0738163728436
30352,-2.25915650676121,-1.84643727393667,-3.49156160146537,-1.10788108571793,-3.04573022264152,-2.05056814701301,1.88838550571322,0.0686711078001421,4.99292266318741,0.255200683555059,-1.72537863731654,-2.52019954513866,0.156109637098847,0.562408993813757,-1.3785555075776,1.47169508245709,0.407799036140953,-0.945583237756779,-0.501369227235913,-2.83611439220163,9.33563581688596,3.14476795755803,0.504176359185733,-5.62650180173003,2.12716048300001,-3.71010753291807,-0.413596033472243,9.0653488106575,0.74167930592923,-3.05195297487687,1.23819111729371,-3.52477834941593,-13.5061534723794,-5.33223612229246,1.38478597768041,5.62896097613396,-3.873808258742,0.00357185002634275,0.38069568743386,-12.0278640087429
30353,-13.0351080128768,-12.6238292969395,-15.1463621281122,-11.2480068984693,4.85174427480555,4.71412879216802,6.46905651476282,1.71199677134396,-1.01885144065747,1.18422447447348,-1.31477526159143,-1.18936877940239,-2.64831274338865,1.20880383035609,0.881893414044637,-0.600091477889816,-3.15358485758538,0.293283554017744,-2.99413602536042,-2.29975827155224,-2.63479959616962,0.127725489292053,-2.86701505760863,-4.70488803900331,-0.540431115282396,-2.3488853184838,1.82876265367856,-0.882882323641802,-5.26965004415091,2.10039364863702,-5.72261972429401,-6.82205937867172,2.84363304295342,-1.11855699220141,4.74070795991552,2.95853094043378,3.12656724589975,-0.439132569011326,-5.04928475898321,0.522550550336525
30498,-0.114437070153981,-2.67211619736949,0.119627035480226,-1.33884177293386,5.65651415204757,7.018082470622,2.02997013755376,3.89132310586433,0.221060115236051,0.990192351498259,1.64663708666732,1.85075166726398,-0.90179907334939,5.20214237405045,4.33175429887789,3.68234912116348,2.32966724958588,-0.335376479186674,4.42427957241637,4.75695543649663,4.58704789578518,-3.33082740093787,2.62951552534606,2.32517901717453,-2.44170058802285,1.23996147117652,8.51552589779952,-5.9480949457714,6.31189198708982,-4.84782027598766,6.84320854283172,-7.33535290885383,-2.25190563362568,1.05100741817578,0.42672840879825,-2.85816680019887,7.28100239222958,-5.30493635037771,-9.52987369621237,3.02010984101003
30515,-5.11077710800351,-10.3348666282426,-10.9766542342747,-7.35375919924942,6.8761815888736,6.54754799275595,6.90555951045375,2.58534805613999,3.08586864799848,-0.207227731371416,-0.776600242845145,-0.359917794188566,-0.631205902303514,-0.318704455385661,0.401622341445123,2.16486202495272,0.00827135136204283,2.0473786024128,-1.70289303882978,-0.759513236713397,3.92139257197562,-5.71702393352689,-4.66644589270547,-7.29235375125877,-2.1886355922667,-5.06485716961496,-0.266981006240197,-3.74897215247438,1.30060740163582,-1.34479755159048,-4.63365796667852,-4.64972258285495,-6.18486216713868,5.641082811803,4.95343493932433,6.11471458472404,4.53525322946208,4.74113034934659,0.00509512335864926,2.11716195322891
30516,-35.0967547194342,-44.0912479208353,-44.3507713522655,-54.0685882675582,33.4170519622654,46.6928337493739,27.3909356190977,44.0651819037038,-0.380957442416232,3.0762254142443,1.40343814312947,0.94546410029873,-1.23661436278599,-0.267186262363108,1.21498378762668,-3.6575985604725,0.358949470366347,3.05039030979759,-6.55024074107427,-1.75947703100864,-5.10234517972867,3.13356039211422,-1.77985200553342,2.51339526533323,-3.2865009930963,-0.230764978172722,-3.06880156834836,-6.65813095407,-3.74148026226535,0.816124239348845,-13.5907646686661,-1.29457844160402,7.90813281555278,-4.56528834333679,3.98692614203829,-2.71204608138253,7.83736892440056,0.129556757552403,3.96695206448326,8.27370904366409
30570,6.82967626774812,-22.3506199542402,-71.1267685230549,27.2454388210043,44.6721954500534,97.0735629689447,102.626647785202,38.5566550958431,-1.03101619556056,-2.36516306893107,-12.9001349546808,-5.08991645882515,-8.22860317176638,-11.6774909550745,-9.02461653801443,-4.16994110529908,-3.33204510063665,-7.71718120982311,-6.69644029426522,-0.8332232117457,-0.542059259432393,-5.44767701494595,-12.9339008592099,-10.5059788653161,-11.7743275640748,-18.340734241648,-19.509478264216,-24.5925022125734,-7.49560690278074,-6.98461803639798,-14.6375069891482,1.92257963057266,-4.90651111683746,3.09145469671484,20.7574740662943,6.1008084722279,11.9617971533279,21.1458327263687,20.1705361071124,20.2538015021582
30689,-3.17430367546159,-9.23991822233444,-7.17577892627278,-8.55097983368962,1.54103099386651,6.53838043538334,6.6751898698682,5.61114461490153,1.07532390219968,2.37264780629788,0.670917964760616,0.532200099893605,-3.06478439144393,-0.985142917406413,2.96084419411955,-0.520140982009314,-1.24926628736468,3.29131654927876,-0.56233377564382,1.17998578845753,-1.08714505832063,4.18793218994862,-2.07062229932941,-1.20945022793978,-3.98500801565012,-8.11214770621561,0.854639929132323,2.33975786969934,0.254532018798156,1.2965802996309,1.19426523288568,2.07332421254364,2.53054625574503,-4.80453130049947,1.53963189425638,2.12796474624486,8.04940096415008,10.3220823174796,-1.33676169361256,-0.37464086147244
30695,-1.3032972499113,-0.910591219694832,-2.65550372247721,0.364927831080552,7.79375074639946,7.10049745993895,8.48434438122614,9.41252231197465,-1.42363591217711,0.374693948898746,-1.00614474785761,-0.123734710744113,-0.708318057099495,0.234159988025811,0.841277188310743,0.198799356252367,2.75366268259918,-1.6724060244772,0.233955372929374,-0.0871817934568156,-9.80260623698585,-1.9512680324701,-0.489398995826227,-3.95236827201841,-3.37962485962447,-0.465041937058164,0.564937303808882,1.20880753366863,4.63596252752198,-2.22956517213366,1.58242266792883,-1.05353047411103,9.83770061372141,0.813711871602276,2.18991623798917,4.58998879656417,4.98918411072047,1.05971442269639,-1.24308694118213,-1.61137961932175
30803,NaN,NaN,NaN,NaN,NaN,NaN,NaN,NaN,2.61741134143332,2.64413752466828,2.0165894888744,-0.377311935303232,-1.62265740086124,-0.512709301531735,1.0806339262975,3.73466310420774,1.11665037323684,0.941276144082529,1.85239437534451,1.01278282978506,2.01952573351683,-2.99660796150429,2.33897648186056,-5.77673865676186,4.53926261522087,-5.78351253701162,-2.46006911864474,-0.0990093045581635,2.3427204457825,1.22027381598172,5.00014515022669,-2.71012763412865,-4.7645900099094,-0.0600288559936537,-3.56596315011823,3.93515297632653,-3.20692285560506,4.55638399384637,1.9421032746945,-2.59155042912599
30804,-6.10291845474203,-7.1701201743656,-2.89656860538985,-11.1599009505579,5.54594286220644,4.920664673527,3.30911387841339,5.23512575523197,-5.34376156092934,-1.93836201099074,-8.15959366314203,0.499644271011351,-5.78014399001004,-0.289541524133403,0.499191669691678,-0.680704214795041,-7.2078592401075,3.06138107271325,-4.41139419833028,-3.49045686801727,-9.69192521678151,-5.38256136894468,-9.86808819806039,1.56906376082951,-5.52812209915417,2.2043373178706,0.42601380193933,-1.02402606055334,-4.2816834443149,0.644288591113703,-10.0114393032688,-8.483805338213,14.7013631306076,7.05885127157176,15.9375445278003,-0.982486475506833,9.96009826598363,-1.17113613826863,0.654214137681995,0.834906671056566
30875,-6.54721571989415,-7.58352163815665,-7.60745831098956,-5.33373961419663,2.10552478866875,0.871875871061995,-0.123444424129546,2.8556114397379,0.744840567351699,3.36614869511629,4.42561509943492,-1.70891799103932,0.315638841952012,1.41303545646412,-1.70308361685465,3.70572935750019,-3.71531201508128,0.181179306776161,1.60385433625445,2.34719383478033,1.40617988650616,1.214656071138,10.0344616298405,-2.61254583001055,0.673179212825249,2.61566954742294,-2.71603732551572,4.25213756285862,-5.5570854721535,1.20377161684681,4.19215269399322,1.03588420605182,-1.75590604118247,-2.55039963331648,-10.5456640237136,4.36962063321102,1.62543886438464,-2.40870273939838,5.13817776649261,-7.24613133056336
