0,54.0529879332574,58.8369755084082,67.5417258681821,52.7307427374989,-25.9337679114003,-53.0936502757424,-44.649007038604,-25.1797711426802,53.8633495193924,41.4244559932431,-37.3916850791042,-8.40533512027051,-84.8828605056748,15.3436483280827,-58.2755437894157,-127.7159270459,-59.6947753520515,79.0193735243483,-78.5209330487251,76.3319347573336,382.979643078538,157.870798609878,126.548251873142,38.5618086836614,165.560242619431,349.536989844135,107.528670041635,-29.8777941639968,82.2224838847252,258.97339311942,-6.0611771567211,303.613448558095,-399.036268370698,-217.025601948275,-92.9495426965429,-21.8669289103358,-71.4816455910008,-328.614475104341,-83.0954045625228,157.865921418866,-39.9669502292836,-288.989695759976,108.016157831493,-333.848745458363
0,13.3773027365222,-2.61032305735332,18.0277185954452,-13.4983214579262,13.4191129713614,17.9514936467126,-6.90684057155035,40.2088212509683,-10.3572925575561,-4.53507396500284,0.961586368096027,-14.3070570842883,23.1082254424435,-1.44434494042839,-3.53460518737881,5.48614095809133,24.8184650586332,6.95176021044905,6.13767729744024,-32.3390910421853,1.59554338945994,8.37266883119393,47.1274046540128,42.2803491830928,39.4432339559926,53.560043910934,22.628648132003,32.6490387161239,80.2292595863462,51.0340045103907,55.4658407909641,-30.0933761590563,13.7797123373073,2.32841539019437,-27.8554163246545,-20.3383070059031,-30.9004536085505,-37.6008454522127,-1.47459381304769,-16.0805026428248,-90.6254281848877,-33.0901949968716,-46.313146381534,63.8145209723184
0,14.8374860422956,-0.462758303972574,23.4100781249749,-7.08543146400773,16.0676349274831,41.3051868199937,6.9600080890032,26.1859093680104,-15.9449766506154,-47.0813079107754,-61.6987600603359,-174.555241157168,69.8654651353755,-63.9009025948014,-235.622107718161,-2.24642829258973,82.0454778723542,26.9627758533002,-61.0693893006142,-36.1442194162747,15.5953262081385,-79.2607817498983,-117.091579980246,-170.544346013909,71.0973960940245,-34.9591977350537,-425.039641415278,-98.9873785955086,165.201968214773,76.931236164672,99.2326232735633,17.4451545721223,56.7972831665943,114.710277040716,213.457642134488,299.617779913288,-104.501296822783,85.7042052922801,605.668015564653,97.7992882751638,-172.342072703149,-115.458709038382,-30.922161355588,23.8601652612972
0,0.113600332221425,-32.2290685811458,-9.89451025691299,14.2516463961346,-10.4631486476023,15.2943024295441,8.65772265394297,-17.5490840349196,-0.75859295693056,0.943502561055641,7.10024528747835,-10.2318133720556,9.44595897436091,-15.5217967724681,-10.7258570861083,2.99137479365864,2.45634017245187,-1.94304998638378,-9.20017559970725,-3.81837092296878,2.13795047024996,-2.51120066032671,14.079624476472,-17.5989136187219,4.86920425921753,-40.0238616152451,-9.61259738418869,-7.81486376669035,15.1998437486842,13.1091524716747,-11.813345544114,-10.0658575142763,5.50255499255753,8.36247957165024,-18.5125637722095,27.7153230205859,-9.85778102872229,58.1241594904965,26.7387621319494,11.4675258530322,-12.4062107435096,-5.85931969081042,28.588250913181,26.1973408374428
0,-117.904049510981,-230.393093082707,-50.2689608765802,177.197941001495,-519.111418971824,-135.487434390416,-296.432351225171,-195.478536773677,-27.4670972714695,20.6657629709454,2.12413191016752,-11.1599235689285,-31.5843263258346,-0.982835133110511,-38.4994989877066,-8.6503956434884,1.07977576978467,14.0990244186835,-16.5374904236215,-13.3836984535046,17.0018628629721,59.5061112273688,76.7280757794636,40.2612575427536,6.45203522501757,85.8579197743033,-29.7920361505136,53.4441035448341,50.9232540637803,50.6022404278872,-0.697181581261709,57.164902534561,12.850460088181,-62.319658530188,-49.953967802277,-12.3539118041203,38.5759031542793,-66.0559456869968,68.2797233289565,-16.4942655492761,-25.5509475373441,-38.6703089264627,22.0769558558654,-28.9159710621456
0,76.3199912131872,62.0125972999992,68.1164696320575,56.4894538001343,-66.6374227118454,-55.6929547018794,-73.9922921006178,-48.5137207194277,155.343573613104,66.3866467199223,344.523522870532,159.385168799043,52.8050828489076,-124.551218160018,66.6199999829243,9.9804330816763,369.232267686064,323.476801927879,157.745976476026,118.869236409491,-161.250534511589,-446.352025294999,334.261924034469,41.5322442810905,-400.005475394041,-675.463448930539,-520.453164797694,-390.408737086377,568.394350828105,481.455324823962,-84.978155781499,12.1357751137377,-73.6253186161747,428.675762228444,-509.638424145668,-128.865008984778,366.908154165527,661.143702348092,362.345166783263,323.302802722745,-980.488556150146,-722.500351079117,-57.6646508167046,-206.908051626064
0,-9.19217010962484,-17.784680596215,-11.6404135878503,-6.64151465146194,6.23634004140826,25.4815239780035,3.04150417816282,0.659256721838057,-21.7287560519673,-23.2676732992938,21.3164962065187,0.864540435523755,-5.09429966831868,4.49960589760379,3.77791081150447,19.0120939954838,10.7036547325994,-1.04784516583846,19.8598959895531,-1.83581431588463,-4.94996764902568,-8.0222607722041,45.5401303089443,40.593037452016,-18.8261540700708,49.423654196028,43.1522756031221,55.0441095376872,24.8920199253682,17.7607285111992,49.2915172044834,6.91925123603389,8.7560598339014,19.1457187881951,-54.0179690778468,-39.4787769770065,16.5808598106984,-38.9996371413459,-47.4708476769092,-67.3591462838017,-34.7023095943669,-17.3726102351737,-65.3152662220018,-6.72785640709648
0,-29.4970749390752,-51.5747111439726,-79.8116899130697,-101.848126436464,9.44907764263966,30.2589289696983,56.4760642762151,60.9872860522565,-13.5329144533725,-42.6968077068203,-34.5758869065475,-16.8722997298011,25.0101366412074,-24.2858869805887,-13.9509604502733,-1.185210300351,-18.3260209015397,-12.9709294826162,-42.3954361847233,-5.44574532037788,-0.299699536812259,-55.4602893917639,-15.735414992865,22.1919197379088,55.2514406719787,-26.3323578072756,52.9292826153383,16.1618748778405,1.31934408241491,28.0458466469191,-31.2136638539838,0.0682596930354453,3.61984551697398,81.5144728789876,47.556482445983,-23.36325687306,-66.4198988030084,27.6906873645943,-33.3758057213926,-17.6792289643564,3.81781687301274,-31.7915687753003,67.2388629133982,-0.674722136174495
0,57.093772686891,60.026202570995,97.2491390711674,60.3432330438584,10.8406588238446,-12.0690191505033,-50.3598560142593,7.75763415026132,15.5407424209407,27.0304195462105,16.7754105548906,-10.3412144107157,6.36589786468848,1.00366516810174,21.298776825727,2.30846872175573,6.85866179022051,8.64093769378343,15.9769442287394,-6.92148625207314,5.79298382075376,32.2969490452627,53.0207055528294,-29.9967419427787,30.1967092515221,10.9794773406678,60.2664263764099,-1.58978172876125,38.0333972176519,14.4424790927256,53.3881293297205,-19.0418270290437,-12.1067738839605,-59.0121592189784,-58.4928992504419,37.4455953805028,-33.7697089622518,-6.54635598505336,-74.583479175801,-10.1778188607191,-40.6759964324718,-30.384810037339,-63.2877672638029,19.6584246865554
0,18.0299240615848,-1.2018914980374,40.3773831504662,10.4227246469516,-41.415329195961,-35.8757626750319,-42.7056329139473,-57.7469229710646,-21.2916859356452,3.61618475547029,-2.21049072406125,-34.6933585420334,-19.1422916856115,-17.67762586938,-14.5392134602412,-25.0337151973408,-12.4094169491511,-35.6709033937744,-27.6600993504198,-36.0870350871326,21.2978811841275,61.116784283735,36.401171318636,23.2438791524641,37.6622290173275,22.2687087450542,7.57500496608965,18.5594739100236,19.6121397319362,1.24960829198583,-20.0963144960428,-15.2352777255514,-3.24726743234334,-62.4330810163637,-45.4971236760473,2.33516736033457,-33.5096595498112,-1.97723849572335,-0.91914802770557,-4.81376933544086,-5.6732125000883,21.8898286507283,32.3137468260526,36.7531201237384
0,16.3610506036358,25.6561484732017,14.1695215572306,31.3917056533128,-32.1763456485329,-89.436100135539,-48.9040469647643,-59.7858162535884,-36.6553513237942,15.9300950388822,29.1871346449126,-17.9236685584502,5.52636749083884,24.771485302304,-12.8913352782034,-8.54691196606052,13.3237356015127,37.2508935305222,21.7703670334193,4.56880616657463,-27.874922148519,64.8561687777204,-5.57136782493691,4.24412347627245,46.6096868817806,82.9670692284802,22.9298059948059,52.9326416672342,45.1324968514941,51.1683092922951,75.97547708612,44.3747722811217,62.8554237418201,-67.8397452675645,-27.1486657830443,28.9655801475579,-64.9953347922954,-99.1667913894986,-8.69627115344716,-40.5863469088031,-57.0831199509677,-102.652561459698,-94.3795735312235,-38.2436239579513
0,19.3161979012476,12.5245226288275,13.6800645968122,4.53117536753,-4.56509517635258,0.836513918549183,-2.98903823849349,2.41627876847696,-20.7054206529374,-16.3025901174656,27.274111781779,-6.58102573761673,5.24298600451867,-3.74067505479314,12.8959782835678,-34.6402457250374,-12.4523266806606,-33.3120569097128,-9.31728339803757,-38.4362240582515,30.6045984257854,12.8695377475207,57.6702870440401,50.3477379572972,48.6318176554188,59.1125573438391,68.046696326918,2.88432140882261,33.9913435071038,7.17196064287593,51.5982502595306,8.68660139605714,0.492614858991935,8.17070928058143,-49.8392591766708,-24.1109099194752,-56.0956801256013,-21.7481154258235,-44.190477701286,32.3822965743314,-14.4586589548869,41.5726095613017,-37.9003459744107,35.6026210074253
0,-8.96694105124351,5.21467303051811,-11.1973045629278,2.79756041503549,0.647927413685369,3.472284627025,3.89244456962769,-0.0730208033533459,20.9934165777415,7.82099849649664,-24.7574629417753,-5.71942343754437,-7.14781503249727,-10.2263776095695,4.19890032759952,1.9314836947909,1.96398031229714,-10.1227475390906,-1.33209694338146,-14.4744120236748,25.2293779859787,0.374558863041333,-42.6603560911356,3.33253090508493,-36.0155392533511,19.7234330418478,14.7434258694884,-1.80372146577488,13.7110269330911,-11.7799228140846,14.9294881865306,-20.8851198452591,-41.5489029311156,-5.13293288263156,56.763892595247,6.83998925552683,41.0612514772625,-4.42604571222122,-19.3546054627526,5.45563332842615,-14.9924115835595,18.6829564917205,-20.6286362617195,47.2272760858096
0,-13.7000913694654,1.29509755969029,17.9707582213382,-2.05697799432312,23.5918018111762,6.45720126854318,-13.6459093415051,12.0344904075783,5.28621560395459,-16.7295525076695,-25.7862095492791,6.8353174722493,-18.8699326691939,-3.93683609367806,-1.5173905106767,-2.66775835030973,-0.098855107268303,12.8610807225765,15.9230811120158,14.2766074678192,14.4779647540262,20.1647519109992,13.4180166745388,58.0013937216659,16.9519388413091,43.0479013529181,41.3335816792419,44.1417013150503,46.396735928612,36.9559929207114,65.1585711012351,44.4436014861074,-37.2251806759928,-16.0450629192542,4.22070399051233,-56.2278197080706,-7.12068890468674,-44.2842180082,-48.4966766627409,-40.6260246269725,-50.6012212606922,-38.7266667015686,-68.2972087315507,-58.0826876028836
0,55.5490099195053,-6.13285682160775,29.5143106685643,37.8333258944981,-51.3606015656155,-0.926582383137275,-50.5426414034743,-44.9016350452072,-98.7962347057852,9.8931317720375,-152.716090727695,-10.7501832414071,-68.4635377145334,-65.5448414051374,3.84357840706528,54.4901358500152,-119.90867210247,-110.807485158679,-55.2552715792508,-88.478939787208,-116.987512023613,206.005753600576,-36.6443348726884,42.8878346420014,128.955338362463,-96.9192018447529,48.416219090569,311.529198822103,-93.2183421679153,-56.9203861791284,23.5785996011299,-2.16393531482792,186.0440266266,-233.04253115502,126.859318374399,-76.6043710672112,-51.8412485481522,146.809767937075,-52.1355177347877,-362.049675069472,175.72752500514,121.496916108913,15.1826012934371,43.5744621647582
0,9.13103117275955,23.288843768895,15.8576818909216,7.35015077360321,-6.29557955851939,-12.4781459555804,-3.28352858783926,10.8814511307346,-37.6733989346285,-40.517076382036,-70.1316846268488,-66.0414046755971,-17.4106778617539,-10.6215046788106,-27.5404960864519,-53.9865571616538,-50.42994276527,-74.5014080991592,-24.8911436109547,-68.9221272207802,33.8907451743203,24.8674178494991,-22.5028774711285,-14.0724509124363,49.0737606842017,87.5757951660099,27.1419327058252,-0.890975823906762,52.9226701288505,-17.9828773040025,21.9530523822187,-24.553110454009,-4.47205945895421,-4.60820011033285,60.6669703747038,66.0986172353487,-58.3162698808436,-73.2663402017253,-7.71588802581107,26.7470674670402,-2.44312832512787,73.6025167640196,-16.3066868709797,75.7603342173677
0,26.1095192232191,-20.2705662072151,-79.3070187597905,-6.96374017335133,41.9103367678625,7.31290111525363,-71.0900816416621,83.6551369967694,18.6978167863321,21.5990572236966,7.57666114714906,27.83256189098,6.19562636734073,4.115477085503,9.20109574831144,-2.27432174868265,36.8609346858407,20.1603139785824,2.66034438121995,10.8631476217579,32.6891440060835,29.8340402884996,17.1653708784297,32.311827861586,70.1269308306174,16.4515095300047,28.4763378919929,13.4123581682171,78.195878073236,21.1011771891467,13.144682687657,35.4285332038601,-28.0346823572118,-35.3516513405583,-14.344792165758,-44.0239563980135,-58.9655720746659,-6.62466756525798,-23.8523517792558,-4.0512403789912,-96.9115902581341,-33.5328791237746,-12.5513469400151,-39.9161972712254
0,37.0022189544796,4.34470110232354,26.768384916661,22.5181633273992,-61.9196070643671,-47.8296155744092,-56.2377867582418,-59.053730824526,5.64940931932151,-10.6217695992134,-10.7433311216283,-2.03151313970357,35.4666839347843,5.50421257798174,-4.40604109297737,-18.0103234710342,-16.4784469514146,-22.3914575189623,1.06563010338398,9.50737718990182,24.0941513034304,-16.3759441891722,-27.1538792057978,2.44691282560406,64.598804790227,-2.89131837469513,-23.6794338534712,1.2121728698608,-16.1772774686776,-16.3212550354867,29.0753296952583,7.70229994546232,-25.2376374887758,30.2075790079972,36.0203184348477,0.910762220278044,-79.218658989375,11.2032576869447,32.0695640335112,18.5189801123321,23.5499460190797,28.3547215447526,-30.5754154762892,-7.34665914284628
0,37.8268625029302,6.48088142293199,36.3833874060358,22.2444942134289,8.85796283579322,36.5857524082403,14.6567882097009,26.1067660559298,-1.63127399557998,2.33442887659806,-5.86904889209677,5.28514563537908,-12.2266571913906,-8.52078772776143,-6.33800995874999,27.8670181612229,7.52504383599979,-4.99295782664452,-8.92424395351025,-15.8404512091768,-15.5051131120588,27.0346231621208,15.2720588336636,-2.61391886056937,-8.0091073146875,-25.8320752748692,-9.17002115162279,55.6257073987886,21.126767628171,5.43614364618205,10.0763574093957,-36.3402903579441,28.8157556413087,-21.5719733530092,-11.0162114181838,5.63523640699502,20.9973754841235,41.9296581870108,16.3842421420578,-71.3770272660942,-23.6517717191119,7.72153687100483,-2.08380350023792,49.654323234706
0,-28.3114407349116,-241.770312329117,-43.4187095398223,-164.843815551335,12.5383077186529,179.370198381246,-95.6704184026369,-19.6920494207512,51.6608352134307,60.4940010822854,38.3114644190903,-3.72361857419216,-15.07885574101,19.1233182642508,40.6419434240686,58.8477627017318,17.0486439937277,68.2572404268077,57.5803967690094,61.697467985667,21.7241540714547,42.3926139763842,59.5983410039724,-50.3349117825214,-6.69281399785743,-28.2921944796523,-7.32555776841185,60.6079510767081,35.0482091254185,47.2075748438026,24.9004405914558,42.0398839421711,-39.6190543792052,-68.8338946140852,-57.2547396743618,52.8994631265054,43.6101705209169,17.4576145456443,-9.01919971030144,-91.4266661392723,-16.4850603826551,-85.8453471144153,-36.9171654051466,-89.4144604436232
0,3.14735750973911,7.62587773915252,24.5351475670104,-5.25127743650819,-21.6822071558991,-21.4692460723962,-42.5444057699078,-32.3008455219969,-14.733612547261,26.4400056680644,11.3996436798219,-1.16952840605224,-33.6018749128637,-22.5545245089664,-4.20279698309341,-3.48059479724562,-26.9451219915881,-23.166037127545,-0.630392088445497,-13.6899693153385,34.9180008515153,46.1881047906461,73.0757488210933,59.7290605497279,-39.1438749698331,15.5162291431722,20.8296613249917,-17.165082349094,22.3151647086526,-5.28898648892728,21.2085048544652,40.7389333126636,-39.8806604879702,-85.6087162656486,-98.1673048073395,-65.6660534500455,40.3570969344075,-10.5883615726152,-30.1247898551854,-4.29671004579309,-26.9410661709906,0.901756363029321,-36.2447850487236,-50.870477718332
0,72.5861086410865,-35.7114112316157,9.71183800251296,-115.180967369065,72.7819194120581,226.125933185467,246.931181323595,312.180527463691,-3.58088521521519,-34.5645750628948,-15.1028963682122,-19.6007328904882,5.86603410575121,1.26731070386016,-2.19807465277411,-5.19998347856926,-25.9434877464428,15.1416833586653,10.2762820962528,7.59212529495097,16.6717900713845,8.7054715961945,45.2336800230823,28.6611168076941,33.3096091807558,20.9716645754722,14.6788458932071,62.9369974582421,-1.44593978064174,59.7740279526059,42.2976954120512,59.6444550775304,-8.44468412313831,10.2642650640199,-37.3669302853899,-18.0318317351635,-44.1174922722939,-32.6932170506172,-24.7188445172485,-70.8909109692437,9.06651451860865,-69.9676587313192,-49.5926216713451,-47.3475852538746
0,-813.410510901377,-1243.18757022474,-1331.91075383081,-1225.06565288721,-733.758445662023,-768.821134314464,-620.506661980798,-381.139197241631,44.8396435763944,53.8486290447287,17.3109919357643,50.5488155017844,-18.4094369835025,20.2191669975501,53.0120407512643,13.9079561218622,8.00992676866349,31.633629887641,-2.77921707930923,22.6767819138694,56.0577243864382,56.3416602548561,-13.5113794805056,44.137953467874,-38.431053422871,31.6933903080251,55.4008728895076,11.0190664533762,-4.50760423148861,40.1917143694577,11.9192401491779,64.0174319484569,-97.497077512899,-85.0705608415405,-5.29547562672195,-82.7266666634349,51.8364104908827,-44.4830395661927,-98.3016216484342,-15.6349053236492,-15.0587424341841,-63.1091452808367,-26.7844460766593,-78.8855879239226
0,-258.018463192779,-315.095846618527,-198.038691447541,-362.914004453418,316.843438674147,335.06414537982,310.066258909396,374.137323175193,-1.48618687110515,-9.22956623862622,-13.4757381926556,-0.712323017011537,10.8918261666362,0.721806551753308,-12.5321783898017,4.4203199126659,0.0896523697610707,1.46835112679242,-2.81902785396009,1.29016131959929,4.32394565157094,11.7414859341831,2.35957864151364,20.5170798110664,12.6097157987776,31.4892463690819,-10.6440282690555,22.0468763884331,11.799215934121,26.502126407944,26.7370806997695,17.0027181235454,-1.73970240166959,5.48330516891137,9.70286965878944,-17.0173149386628,-20.8928471577259,-25.9621398767369,25.5458185609698,-27.2113624354005,-12.8814672169288,-24.0291479336019,-22.5700245157866,-15.8333391338081
0,-60.8566630574899,-1.2828202659208,-111.233557923624,-57.9079458235554,-91.4895014187502,-108.132112142418,-14.6625074136401,4.75434755474963,5.26802600232933,23.2075063762974,-9.79732319488512,10.1137728175937,-9.9761311802923,12.9910589143198,18.5820764420028,27.2067296009474,18.8888360685254,20.8410216336188,-5.69220353097822,6.93477469034133,42.4989471215035,49.9647719253589,26.4877516790213,35.5391108929846,8.87071793948995,37.9064204504289,32.3591626444411,93.2819623691787,56.9825947489845,63.1213189449042,6.86304877095092,46.4280404300787,-52.4117369479015,-75.0492569063242,-22.8069026274602,-48.5000971439284,-8.33568923418093,-55.3917122228114,-43.7705407390338,-116.940596824173,-74.6966576328462,-79.1358959307283,-18.5985696721036,-54.829049191096
0,28.4585821687521,-18.0806440337968,0.900234362670378,-35.8688854766964,-63.7619253464553,-47.8077189548884,-61.8425748394715,-19.2019630476223,26.5904082317785,-106.090036362245,54.3583011219691,-13.1933013841463,14.3620543636835,51.0386453593899,-12.0406253696342,2.38097267893176,-88.1607265941875,37.8601728454158,15.9691144542807,-23.8667537331793,124.594223903103,-21.8432782768235,124.219855669576,46.5146419732817,-47.5426211950466,152.909408886122,-43.2581858205154,9.43791162203837,-68.92014057661,62.7365216195197,182.895019245663,-31.6915266544639,-111.965022116838,138.790857418766,-180.115648080538,-20.2262017775289,-13.4049068282818,-214.088337772141,-0.523005246389282,48.3499789502227,108.421920858758,-79.6984247314106,-217.661476085192,53.5255495454796
0,256.481991155099,346.158954640723,247.513505386056,314.088010078241,-283.931636135821,-415.736895266251,-310.296660301222,-603.911850295057,2.74579131916988,13.2495527055894,19.9987477453556,-11.4973228034164,29.9468124201287,-5.07708214310209,5.07794871249445,-1.17552115442689,10.2743164073969,-2.85764733569191,6.91903631805873,-10.8125588654734,34.7940373772721,35.3671607763566,93.3393861338629,38.0046604244736,114.424651205823,12.1866864791678,9.17437806717705,8.36116578820497,32.8987418439579,9.48729497285724,28.782810327531,4.30467420611017,-19.274033597723,-27.1996424675487,-98.9203039188607,-13.7277560536493,-133.94085194914,-0.632301499199325,-1.9450023425202,2.91450713778748,-27.3058413477293,-0.5764149009415,-29.7713831586127,14.5933495985189
0,52.5803583065184,53.288496046633,82.1466395595297,47.6626024044511,-87.3347919072459,-85.7409689086925,-113.330386214796,-76.149989996357,139.210227678656,105.878489972688,52.6502626685091,80.8710818538659,-28.3729111230639,14.4044729198117,5.74931495635565,53.0053671531707,60.5139122171774,-27.9763912481114,38.8534072582525,61.7515992020691,45.6471004467306,116.16605754244,-71.903135546135,20.9585824416944,-167.732032360016,-58.0871667860658,-96.2654171508717,23.3802573180027,-61.2068665011785,-99.3388466586262,-38.8420956696084,25.3423607910204,-124.557625890483,-156.244577187277,25.3349850348736,-50.0420622768113,211.007645131319,89.4801849006778,89.6596738100911,-46.7724595914141,23.813136302832,153.682944410782,42.2044211919147,-45.4681145869485
0,-119.762990512168,-180.898621188041,10.3492540967237,-552.106877230148,483.875967700407,426.971351169098,-57.9967304162342,142.251573411459,-0.0739995743166411,-22.7641573869239,-31.9266483851809,-12.7140244926023,-23.5308136765589,-14.6083082875536,-27.2585372318123,-21.076032021871,-18.8328765094378,-4.12006459267416,-31.003367538617,-15.359338496205,40.8391897362292,-7.65491444338157,-20.2956212128833,43.8386964138536,22.8950371822688,28.2610457383127,14.5421293130522,13.8957174686196,20.9652276780749,19.6737231886204,5.07149925553997,28.209040924682,-16.7147856354773,51.888222172643,52.2191155831536,-12.4049930572891,10.9703062559451,-6.64647134740514,27.3037413106661,22.9133984265844,3.62718660676705,-4.958788033037,29.8793896028043,-1.51257453460814
0,28.6186376814874,6.94587570486879,4.44232485333684,19.8708888982082,-55.1176965054473,-31.2824938432447,-33.2749047777789,-35.8591643335843,66.8367242532383,107.757295517925,-8.09913271170492,38.1911185605121,3.85302222618924,56.5848159523908,63.707304137397,42.0723252028273,-12.123087042953,18.2675144068104,8.59506291748654,49.6933366889847,-34.1772624073791,33.7072851461265,-143.04885179893,-75.8605638460031,-66.2994837510101,-18.752351077675,-13.3484557124991,-75.5431117773066,-83.9634928337589,-25.4614770306049,-87.0645595135146,19.5066351076768,52.797610083529,-53.4879775227129,173.682440210533,52.1904274959049,76.9448503997169,19.4407372621609,32.3173750939353,54.5454187445844,78.8545547804144,38.3204417813574,121.202770202796,-26.2175149549474
0,-10.6651989933975,-14.4355324178261,64.1979168972601,29.7012358986165,6.05815281573536,125.249955689441,73.7103487058302,91.9791656788118,-44.5275802466864,-91.3093025184299,-35.3271783231376,-45.9530568623608,-3.40373911618226,1.44434764223129,4.23857645819705,-47.7270783990701,-55.0525911083493,-58.9265927436158,-40.8234103593598,-102.542851313352,53.0469840780555,-21.9509498920373,-1.76898033251468,83.229272555865,107.800168756832,33.7746465273823,113.926869864959,53.7598984801796,124.772415023838,51.53657516233,65.240342837567,-9.43018644135647,-17.677778190308,114.769757958302,10.5039192792062,-22.6667302794156,-98.645970989199,-21.6538953816279,-118.353799403725,-7.54642117058518,-71.3765355014872,5.3725031536686,-39.9049638133987,113.482033901297
0,37.218288606518,51.0318749356055,37.2312079115052,46.2966469714722,-14.5780449407577,-11.3012598095291,-15.5607400635193,-13.702551142108,-52.6846449520445,26.1438105821526,-4.52831765083717,2.500147478798,2.20787868177226,-25.6855971029703,-0.503327253652364,-35.7276332657606,-15.8783014736344,-22.7838509053174,22.3173818301338,25.9775988676789,-91.6520342391578,38.3162925268624,-34.7852715488475,-15.8185281855047,1.39582656023667,-76.3080723858498,-36.5915746149297,-65.0175229606006,-57.864650384758,-115.553487992491,108.022553507152,24.5569828326126,115.354224751058,-49.7579838313227,23.8551338380713,-15.1041510988863,-32.2032257165273,76.4571553567614,17.9446535177808,74.1152184927963,51.8795461336096,116.257766679769,-108.044314337474,-56.1511893840954
0,-48.3127940818467,-38.2177980540435,-17.8602336595327,-6.67404658022267,-6.04744817219235,-12.1151331069351,-20.8874347019474,-13.6596111981919,-77.3821714343457,-24.1884735023479,-31.0302434007326,-71.7068320388579,10.7702634267914,-87.5210713641476,-162.726910539913,-126.927571515701,5.22778772278774,-51.285428506981,-98.638719318772,-92.7364526200711,127.615418114948,130.473942494429,142.892502643305,76.3420456727785,204.157425207544,70.9587924283902,-117.545370801362,-28.1768873964109,117.457441410899,29.8948541707901,50.6664826375116,26.4563567019643,-32.7108068246867,-148.046083959854,-145.123184834904,-38.8728049712509,-228.512498366213,-53.9083536857307,201.688065109266,90.186166580558,-108.997123426399,0.81911292941021,16.3010299927731,-1.42251729707756
0,94.1157484836216,204.836803764677,148.933432311564,143.267024542269,11.5872218663476,-104.450246164609,-0.0384991527273124,28.0950480326063,331.168974626905,-35.1949851649641,-21.2349126533781,-385.063957532174,-129.84308325033,618.638186665621,-500.680835876364,1291.01473726943,-565.515919347522,145.635065193317,268.750867077588,494.037842167098,71.3178491051312,169.537077401314,104.164751822787,-393.034401393831,46.2488761977632,857.120406814082,-843.436884991137,777.513315701537,-1233.17307053117,-771.052622482171,-326.816774038108,343.394297371631,-14.5074783075258,449.341623277159,364.825630587303,886.628049059185,545.898928445211,-934.886745280179,1536.8431687163,-1517.17676725592,1775.39602707576,963.479420521988,538.097573801413,-651.579674209892
0,-3.70308570524813,-9.50317773635446,-5.29600163380947,-15.2944484064573,-5.73207158942124,-11.6773514755304,0.305511666815312,4.93626179828604,-7.74956315366291,8.55036547307628,15.8475764994089,41.1378033006089,4.12288218474177,3.05508072368762,12.5659653991233,-4.1074990712316,-0.907033136595634,4.18023041799867,-16.6098184791915,21.2864652342678,34.6093054857916,58.9074019243972,23.2842284859872,56.8561902456797,45.7083929325803,49.0356115064393,72.4144676374803,18.9010361919296,18.1928315611745,49.7831516775861,54.2644319424495,87.5721331897191,-16.6879403268987,-48.0386695509299,-15.4943639146329,-78.8356556591196,-24.0917152424363,-41.5619248206583,-61.7168747672514,4.15527208355395,-7.8345535146142,-30.5797060230559,-33.4742887050525,-93.6378777629252
0,45.291170684402,-58.5374973724542,65.6829673759145,-53.8731411338221,-94.1366632440608,-184.488138765484,-185.684769116071,-13.6518088608905,8.29053348261659,-0.126414172026648,11.8280245871716,4.55674247014333,-10.0499729760574,2.23934435354047,5.8006621634598,-8.49483274814066,12.160479821894,-17.3877262988726,-7.43513391149106,13.974942513027,-0.267337032391808,53.5002731362747,48.0795143537309,23.616264137585,7.07826938060927,11.4173065124264,20.8767423405582,18.0999333488257,26.8411390225326,-1.42057055928697,-26.6248696303359,34.6944200483457,-0.263484554693932,-42.7050000002533,-41.3331676745081,-17.0231328938179,3.21505016343041,-4.13031295175237,-18.7737309939924,-5.12633483589248,-28.0739558790776,11.7787187372013,31.2264814648232,-25.1767718801653
0,31.5031297458495,30.2426313708678,-3.64733911841858,10.7016407828788,-34.5495045661177,-22.1106742971441,-3.92485144741763,-34.4717023384435,33.4257281058456,-21.5774228784826,16.4252229044831,0.875348704372708,-1.94656088425827,-45.8519076668815,-14.2612359145279,48.1606583292591,-51.0596842453687,-33.8335628415958,9.90565117685344,-25.3132384396553,1.6726795832331,-22.7843174096746,36.1630670304884,-14.2395641355678,-52.3067823367446,-53.8430765452075,-62.2175641186618,68.4597192797106,-108.238761011918,-46.5373311424445,-11.0392059512875,-15.1912254967611,-21.9657404068397,46.890854488217,-47.8506553656957,15.7800076292631,61.6992506656351,104.934149292879,57.1913175351293,-110.535700524518,136.617344149407,68.0594004100996,10.32218248625,33.0212531313097
0,21.2736203584402,26.3448583966747,1.33788306359498,22.6379006835919,12.3624966890992,11.1710649888051,17.1665054228472,22.0326333170982,-18.0015493246129,3.27335279101885,29.4087549329345,15.8531768864699,22.2780642051453,21.1742266419164,6.89358392608635,16.6740077984851,11.4675275044136,15.4241966148705,19.8717378041868,30.417993491067,-0.00350002823001416,39.3585614159016,68.5162210625455,61.6523127856689,69.1202887032102,66.3779774136274,29.1571542116522,67.0393372623477,32.9034223278939,85.2983382993378,64.3126907033589,119.048096311326,13.6721517145549,-38.6414597717197,-95.3888000458394,-63.6655622892363,-92.4304702392337,-77.6597183572867,-32.0389748552772,-72.5153256386805,-51.0422811280951,-86.550186148729,-79.8431905610752,-134.691746854322
0,-267.915157261721,-93.2478769151639,-255.725890948361,41.8865990276375,384.779310824346,162.051198692053,302.872863385739,103.587962437948,-20.6724874838081,15.9399525799294,-1.3334601625872,-0.381377929126794,-2.98501769978056,-17.0182429580455,5.2565286821891,12.6538492074076,8.70838064664487,-17.4448390576163,4.34677667586574,-13.9388891564906,-41.0987363403455,40.3312708137784,2.27047390130579,23.2524066172772,-20.9706023628754,-22.4202984542638,21.2828163393002,23.7267456912357,42.2824565430075,4.59887649131035,15.5463181263133,0.884666119355209,46.9113108523671,-66.1346625933523,-13.7093409546278,-28.3097300121919,11.8914930295247,33.4182971254591,-41.047314471113,-46.1040918346036,-60.373311951293,1.25060620739425,-29.6632170589019,5.21932127686294
0,-4.11363272035741,12.9945955760815,12.4895922101105,0.336826926731013,-20.5627724153863,-30.4867368882211,-4.80030447563895,-1.68725055742716,-42.90779428928,-41.232954016033,-32.7944315398712,-19.7649987945433,0.339054184246757,-45.9145868629339,-28.2835966036844,-19.1254388592388,-23.2302182116589,-35.3230409258033,-1.75065352539058,-33.1030470705263,7.96288930095464,-4.70046457310488,-16.9258655588453,-6.4673043021873,51.7591304347793,-42.0237513680048,-27.2230876136509,20.8085294752251,13.7283341305251,-27.9182092573321,39.0998021478265,-11.2259851708061,43.3734660699181,54.7382519452333,63.2259446919663,35.0206328102336,-34.1601607868155,86.8714290651976,59.371137164853,-5.72194673561901,9.28197739815761,74.3498975633498,-17.6069243514974,57.1535652711713
0,-92.2759926474548,-86.6826316403271,-260.15975203266,-80.8548471504533,-76.7433406500629,-23.3750757025001,16.5921691958102,-19.7420586505015,22.0323189000867,13.0061815547415,33.1866915117179,0.21371333135663,23.2903907637553,17.8514459878831,-14.2397080145134,15.618656029735,27.1158396471654,14.5692184418622,47.0325339930131,-8.98796841604791,55.3638034646435,50.8797067055394,83.2500202720239,33.6245728165471,56.4954019232074,77.1405263553664,23.7417603484151,58.3155324687305,74.7288424263156,59.1094799574028,101.859971860968,13.9785694995286,-83.8372457692892,-72.0594969993476,-117.735161715031,-43.2809489277562,-93.8372214252789,-102.730891193911,-26.5649877066126,-78.318245781709,-115.170811591991,-72.4880969497787,-156.457409602747,-24.2402231497979
0,84.2102244137464,28.8136130933515,88.1740190909276,36.9395143888733,-23.4629516527214,100.856920963069,47.556557983076,69.2594975798834,43.6265623596628,32.4500259323572,6.39307102845076,41.8165107990163,39.663440000742,25.502682917538,-36.0684335066891,27.5452260615497,-1.22359891203002,10.3668999168536,61.051758444286,15.9349531018484,41.534612213886,24.0773749917815,-32.8295342014355,88.3565111558528,10.5370724450097,26.5192542175381,-63.2262562197216,68.2407445599976,-45.3012534300525,18.1277493959714,77.4760579204843,-15.5734026301677,-67.7718201505713,-61.5504914996323,11.7692844108073,-126.496043507244,-37.9280355851815,-51.5976527368643,84.2273140889828,-93.6358239337921,16.5678120716858,-32.4929027482726,-133.713881786267,-16.2969074727888
0,98.338335962024,50.8061700025383,95.0305584293378,82.2918623972224,-90.152402350819,-63.6508810224871,-97.4300831699218,-102.834672803001,-4.63844081337099,-5.04456662043043,-10.9551016142297,-24.679799078515,-12.6403820871619,-21.8196281722519,1.3489758836559,-3.9864133640819,-0.926693580010447,-12.5590987179194,-22.5343914736583,-31.8525117228583,5.31790084318995,-3.63129522128136,-2.29043623020999,8.66151354737302,17.3467333234754,-15.0323483519614,5.11175791501992,26.3831688531687,10.1752464999805,13.7243287827193,-6.69566612386308,20.8261381924136,4.29833874557773,9.55762958187457,2.84826149476393,19.764690666272,-0.10402852497021,37.4747519541274,6.28783052228655,-17.0968669789639,-1.44057529045461,-4.02899819576687,30.8181170427705,6.39591752705324
0,5.66818559134396,24.2159841946624,2.6544974306052,5.35256327373234,11.5918648900181,-11.1207178337804,-2.75398540054437,11.2870175791544,42.7235088425717,-15.7656841551225,-25.8450928838696,19.4387538307562,3.1314547774953,48.090901357117,28.1213920955013,-12.1375546523275,14.2735504042694,-7.70827329205603,-45.5309115877173,-11.0744601179676,97.1641349698104,56.6911333311378,-22.095771349728,90.9871104850475,19.8634533986799,111.904929643779,103.460341436195,20.3166477252944,69.9479537618624,11.428244814168,-40.2623132820777,-11.5414271351252,-123.872682718712,-51.4516570595239,42.7871792714424,-111.615364876994,-22.1467016199729,-127.66784815454,-103.31635836761,8.40979759044733,-79.9606982926077,2.86791714207946,86.8330052849207,34.0502598844476
0,71.6741792682216,23.5973735203864,113.029051102472,217.414402201801,-142.765743038217,-124.321146432625,13.5736129056804,-39.1436872467345,-36.5181592542454,-11.5223239371658,-12.5760020040931,-2.41947978699201,25.6590659294655,-2.3241655877234,-12.7798348394338,-3.762258468957,-5.22197431736259,-29.853131978061,2.75247869377731,-31.6484596870945,-30.7564658345413,12.6304246782656,10.1368814259664,41.117866278149,71.7050304371245,48.6545916679732,17.1671119478263,35.5549150441617,33.8162667713494,-2.49250216772379,49.1170709606514,-22.1361186937936,62.3787121155386,19.5912661100976,14.0938808236463,-23.5609593620651,-67.2101455835979,-23.4589358899927,10.8132129047638,-15.6496604548061,-18.3421396908758,53.372246676931,-30.4030109698526,59.7434837367148
0,-72.1020226720323,-102.735916255762,-105.259029334381,-131.418112574356,87.1733850486096,109.783853511275,171.415305526492,154.350314358825,16.6613486364414,-20.0058514482258,-17.3889450916983,-8.75404747511503,-36.1658449409813,15.9630220649667,-30.3398580878691,-23.1385267199746,-2.04419491037127,-4.66292480206391,9.45850419214821,-7.76801842972089,55.8740433736958,54.249520461297,-0.142136697085781,24.4646887863966,2.77323417398255,53.0004797604393,-4.34845236015483,-10.0488733055659,28.56219127152,29.7220783468525,85.3906189570503,3.81536605833447,-75.5297248964214,-38.7999112211388,4.16118893487818,-26.860222621173,23.4171284506088,-74.173312334618,16.3733992622745,26.7825309910439,-30.8336266130361,-36.702875814973,-93.8725373357192,-11.8511232710522
0,23.2028427264019,8.91098860947989,26.6233812682402,27.6472350657221,-16.4592199995474,-10.8694272624086,-18.2489026115936,-19.5112485715034,-0.383421609779497,21.6036739361707,1.6504468390463,12.7174668329804,-3.6234574462816,0.651228829611656,27.0034805661141,-1.46518492192652,16.5706753882423,10.6280685566671,7.59223905981804,4.97062045759713,-5.71889750138626,17.0673261283313,19.6402062458076,-22.1921948920312,13.9291946551128,2.94848229081335,28.9858594794084,-21.4749850349638,0.00337248536190593,9.37999225970698,13.8408099050656,-21.1189485449875,-1.40403083787319,-43.551259465565,-38.7333424044097,-0.0741549937992967,-22.3927820478208,-10.6664549016917,-53.3055487501859,5.63501390205671,-27.8684050355305,-26.1956418768848,-30.2513397296543,2.65442059099296
0,-168.217018981439,-130.96072509591,-115.677062947194,-165.389464298912,23.870228929247,73.6151025532338,-11.5360293963274,5.65464144048302,-59.0030860487299,15.9668836978029,-30.8564255306867,111.690456165845,136.274012671441,84.2784321325791,338.312805659221,136.974737913143,-68.994207771405,4.61169143821475,25.6170442040062,-10.6191779152743,-100.976845416956,22.0333347417728,-166.045288611227,-91.6116230785823,-8.43470557128774,-89.2634266183849,454.946144697083,0.328672051502684,-200.181078292247,-97.8113530343434,-179.435950435241,-175.381523014555,89.2181712794089,-83.6066096370709,153.064652922656,-35.7896934890197,-83.4860653296207,-36.1493730788298,-697.61273559445,-91.9371646459428,261.783809872816,-3.03641761655755,81.4316690427846,150.585322184779
0,-23.4237904411711,-87.4672291239958,38.9636443404207,19.4778133299442,62.478285237819,101.877743222269,50.8813413841937,48.8917864923344,0.795555602129313,-12.6953318400948,1.16275106662741,0.255269454238202,-3.87380134346338,-9.44327013920845,15.0437028238357,6.8810569399672,4.97887605959782,13.1976760656571,10.2343410394697,13.8148191218789,-2.19950379824171,2.97488076064893,1.90236874314225,-17.4222136830673,-14.3017206738552,-29.1006920050442,13.1783073919386,11.7360121337388,17.930575677962,15.291273661954,27.9259736111601,18.7388278455013,2.32040981269621,15.9364012039149,0.045685194372111,21.0956221709568,20.1568924893401,33.4382903054815,-25.9537497810871,-5.21945541972136,-14.0947541098242,-17.8116823903026,-32.3374108431881,-29.1918463106702
0,503.819893923258,58.6254879882996,294.5721126485,76.7434847711002,-388.087459740722,-232.398167027373,-296.619509851443,-56.8325409448901,-28.9856311135654,230.239684394181,186.17364754044,-31.2809083757793,-19.0768287060549,21.6505071718244,-24.6104264652017,138.240770025026,-42.4372061694887,114.006850964687,-56.6152894696118,-20.3294543242414,-143.9472351806,376.609485032654,217.399038995866,101.044666269012,-144.143461439903,-169.086506967809,88.6377077107334,250.923794918556,-143.910065904832,-26.3702184477698,-249.367588885243,17.8905754531797,139.673375688893,-521.355578396991,-337.71721089479,-111.004553642865,144.198106360494,116.509647370399,-76.851639532733,-341.655377946708,242.75237147941,-116.041456585471,238.775263169992,36.6740274097722
0,-14.6661119442863,-16.9549686383947,-9.57710113823314,-17.0892881199298,15.5073764671205,33.3169954680619,11.8416108212111,24.2975262364539,-27.2343671730083,34.3539370136214,30.1558679665588,-19.2557068568476,14.0268928483876,-4.07640418146114,-0.666232979909948,48.6971540332153,7.51511683327986,17.8765898895916,17.0537751364772,-41.1760124371154,-91.1273426251454,90.6050710058021,79.7032746213314,-7.24717085911102,53.821595509166,39.0204909278796,32.7383112328753,126.152233429001,60.1795879159671,54.6379824843875,65.1827132786479,-74.3818085229401,129.400080888294,-114.104149429597,-99.9556096095528,42.9112480467547,-43.402045993312,-9.09290741956924,-26.6720903259959,-145.872365001478,-47.5282549882418,-49.8045591187481,-59.2302631779368,110.654205617053
0,-2.88761251523205,13.0523605268034,18.2243963308402,-6.54514578832664,120.081685784622,72.9116936464442,142.688633724948,141.315810722599,-16.9865296676749,0.157755645531358,-7.24208813466875,-23.1336501847867,-5.01116224686788,-17.1368398807223,-10.0596886919044,-1.23744130738284,-11.2556796260193,-13.4979495251978,9.69205686759694,-16.3775133218151,5.11958961621678,47.3260622003617,-7.06136529007069,-21.6406255949515,3.994925848624,22.4688159495356,17.3279823282481,3.06282108167902,16.1626304293032,11.2326583785183,16.5069875042525,-1.51175630709939,8.02046917060306,-41.1828998059371,9.64318329548683,40.9432586038844,-1.50172096858137,-0.677895132676667,-12.1024937903252,-0.0293193004034178,-2.27580509009994,-0.462481428738034,-26.5972625054125,19.5189623760408
0,105.576071631998,110.725203675848,78.1083894706197,115.219481806487,-84.197452667075,-70.274857790376,-131.817675531589,-85.1020165601519,-5.6310417274738,-32.2614922156674,-38.553785316322,-30.7537640930418,-15.4077942959725,-19.7547288476678,-2.57259847872926,-24.5104523557558,9.35829824566874,-6.36995997046813,13.2302790497762,-71.7828085409465,25.3597268123519,31.6652627241733,2.27930332500038,-0.0925246837383558,62.8703456805133,12.6191086127938,101.524172294936,56.7149689461075,82.2484984815585,61.0063496409029,104.483311762113,-50.905807058661,-15.792775249951,6.73215710111077,35.9528648968312,25.3821107689974,-46.4357435394694,11.7872341561899,-70.1015643427409,-20.0735768304342,-66.242943461569,-43.5003083391567,-96.7152393060291,106.261044918979
0,-1.74034142641378,-53.6726206883459,-2.34968683930301,-26.2696906406101,-57.0003373232894,-19.5140196945192,-25.0378646101801,-36.9944499564084,-12.8097081257836,-10.510678693923,-15.6651223341146,9.31560752999333,-10.9159687839025,1.91344030842462,-3.94496516946024,1.90101725266954,-10.7662019473221,-7.12564780721261,3.29502956895914,-6.80744936676829,-14.835685444605,15.4345578133161,-14.4800194469602,28.2083745616588,-7.68682370296677,-2.92030954639306,-8.50470273289146,0.935673007425196,-6.74732405654396,4.81838919594087,36.1908363728862,6.83706547396659,22.9351365892295,-3.44253718469109,26.6105190826671,-33.4910785604003,20.480969132181,5.50379906687582,8.90648082223434,-6.22208624219583,26.9492126184585,6.51683651117662,-30.0124265741197,-3.3207926223288
0,30.9186121698343,86.2910583067416,59.8630325690195,34.467795283866,-52.2338345086361,-88.4222234528258,-37.7264500997305,-21.4903628044528,11.1959551687541,28.8295558195245,44.7196418262148,15.6660820155833,6.92329123727039,3.45460358713346,27.9939461954139,25.1645581337817,34.6976843649185,5.36945429941833,13.2161270502552,28.8209985988634,0.508583998131192,15.1104039955298,49.0105841316816,3.93715318505913,-15.7552940763599,-21.022279991659,27.9402627813506,32.7506348951234,35.7810650085871,7.406160723902,-24.4278236279354,-3.44878633408245,15.6406801235323,-35.7742140788288,-91.1591909064067,-2.60713071953801,21.1710546780489,25.243274084039,-38.739364609577,-37.479173604883,-56.9703492695844,6.41659597041471,20.2796795569231,-7.81153870791558
0,18.3275174016935,40.9261929966828,6.36678622159661,57.484508765935,-116.331079282396,-110.172036323846,-74.0748729339845,-105.396181213945,-279.561253667744,-123.457452152704,-227.837200364942,-216.204852188187,-249.824524417167,16.9949187529454,-155.787213001126,-439.130203215372,-138.783428895733,-105.460990604353,-206.708133041657,-90.8022941443362,-440.817608859013,-165.169712792807,-353.567978050725,-248.478272046712,-324.938185226241,24.0060141259102,-125.264494034636,-496.586675002125,-13.1334132585177,-131.804245740938,-229.08912028692,31.6856015164618,585.268262561683,204.778768775111,420.74579785899,343.962951819689,452.469195866854,-56.7529447491823,237.865792129044,765.1705515722,98.2228157991473,80.4873926839375,370.291524845411,9.68432407690286
0,74.4507150099033,13.6728559100809,43.0497854296246,50.4848329997902,13.0444277481059,85.9134794937438,18.8210014646614,2.99475550014628,16.1302918673259,5.77931673727032,-8.74698862561645,2.85082916069377,10.3482498071881,5.0634163444657,-3.6089520159594,7.20516637847974,-17.5687820762835,10.2413164738955,10.9866919496919,-12.5832826168363,58.5724073648504,15.824762904309,-10.1757742564351,6.45059542238136,29.4821922486485,31.1596567722392,1.32687237512105,19.2091584333194,1.54043364971951,40.8101900011259,2.32290945405211,-21.6200070191129,-67.1757000552608,-11.1711992346082,19.8851251203218,-8.5569844823614,-33.6111875153703,-33.1980267230607,5.70903269513454,-20.8043618508506,3.59327236860928,-39.2682836594958,-2.95302492600011,37.3100769578443
0,128.458150586991,171.63342391529,160.833511236909,110.526874551319,-11.715407054954,-124.76222059312,-28.7426398226155,2.43772523539711,10.42916700361,-24.8418578783516,73.1533666316752,-12.6917664962416,8.88695694752668,16.0498247959853,49.3251572345139,35.8460384896317,39.1537787657842,-32.2612689780747,62.8689683777165,-12.2057194606365,27.4593152871243,-41.5631393435157,126.196842881064,-30.7072340890588,20.7193029093672,27.0122673641488,106.421316089368,44.6235863109294,79.2482971088682,-114.483885199814,89.4825836534667,-92.2339136757621,-28.3662309812055,54.7412057715559,-162.416808820315,39.1535113893183,-21.2196378022752,-29.3488192061609,-121.80920522903,-63.5160813117396,-97.9482121765935,139.838819775274,-117.909583686973,88.7508027423507
0,-644.445933990764,-213.613130247194,-622.316251418947,-337.340976400324,335.766507175018,32.1279287668222,612.668617075217,361.557263752794,6.06619255685511,-1.61617913264103,-37.0029878597634,9.09918553846246,11.1024719819378,-13.7437436355278,-6.06075252042523,-24.1501326174731,-33.7552481519015,-8.04082298223481,12.2497595281818,15.6570516342558,-2.00204407337387,-6.35269603186188,-61.4517334226822,13.1948017854924,38.8784913268904,-21.4197537154533,-36.8046613891561,-45.224557400431,-72.3113465733282,7.45047836716223,14.9635230469421,29.3307363791194,4.89539894502515,4.55506865917279,85.6357120526351,-20.1846522765124,-60.423747258083,39.2953098976532,39.3830364174642,69.7574770234621,88.1156060098751,-3.81191843977235,-23.9061416607914,-26.9021305773937
0,24.1466868834089,-20.081177822306,-13.0221533310449,-17.3442113167918,1.29321116359803,18.1614371812436,21.6321093080624,14.5183353900648,-14.5103639424264,5.5086487602515,8.28040134839389,7.14531331912819,-30.177950800213,-16.0290494440222,-10.638063223654,7.29779415294361,-23.0667721974002,4.92382094410023,0.928707371407496,0.40382572273264,-9.96074335708183,23.9295568465906,38.3724677387446,29.2163965338565,-32.2882315867669,-11.03004217598,-8.83472966243732,41.9501720843318,-7.26187300093247,9.8606764008055,45.2153711187359,10.8812513723715,24.8747790048539,-4.57615828889531,-20.8999508739914,-15.4026667539497,75.5435744525005,32.85716357403,25.9967935711641,-25.5327820973961,26.9089902085377,-0.216947306576747,-27.3368693917468,3.98104537381191
0,27.3792532121195,48.4238214398807,30.0899155426904,52.2223362691196,34.5549325539222,0.988033690810788,18.011635463968,8.50716536939539,-3.06562510145431,-9.6121952094107,-26.2429438113038,35.4205151892356,-4.60059124777595,-4.92833138896738,11.3445822629083,27.1500234221002,-8.67598510209641,-13.3315656928827,-5.9558479000626,-3.55706198833443,-27.1545281597603,-13.879515741079,7.89576116255928,53.4663475570412,-17.82159119297,12.1513932855344,6.06891723092583,44.2721069865838,-11.3627069960205,-10.7072198081284,19.2487553806424,-1.4776613457812,30.695780141033,37.8070276931656,20.7965516667685,-66.4538014744467,19.6880857539394,4.9044140824353,-7.19827267093342,-60.9527905208641,27.6797935175758,23.905655179391,-2.47390035289087,15.1683611495646
0,NaN,NaN,NaN,NaN,NaN,NaN,NaN,NaN,-7.51945610528781,-0.00305384103288775,17.6074754984019,-3.61816183214169,1.14037595295489,-5.07087795404527,0.815513853637458,-6.71365886915421,-13.7776901570161,-4.31371198002562,9.71487064663085,-37.366432607447,0.943734944363735,-7.83413539479672,47.3222907333378,23.0147717454646,46.8805215837053,7.57130880723797,3.39662858316637,4.47047500724934,5.865772059991,10.2454588243794,24.7082395220796,-31.4323530940165,3.03761857186796,9.47590973363878,-53.6769937420109,-17.8041255313088,-52.7717353762113,0.0387813208327366,-3.75654424639133,4.51318946846252,7.42370418891344,3.97628464591773,-34.7059873119515,57.3389390249794
0,73.7352154007181,120.587518904134,105.435973613172,158.850077729538,-0.384067526166838,-111.494814891135,-67.0113666616215,-82.3285722181094,-37.0934243913411,-13.0298787046032,-112.887979052171,4.17565681194277,-53.8676672667878,-9.43717897881278,-23.734973538548,-2.04091401567783,-24.1680732917139,2.4058767680589,-31.0729059837957,-16.8520383202434,-90.7807564768814,-22.0655110598472,-111.793939028421,84.6056892612527,-43.8315066755227,53.3069068172541,-5.67083802954557,8.66299279165801,11.604746278398,15.9778333682492,-61.4886750025213,-18.5397926970645,148.780057364517,72.998727160044,225.583617841408,-63.9091828560696,101.119160813971,-23.7786362940959,56.3794150534343,-5.12440359852985,12.0311324333095,16.3622147476413,111.310016575404,47.1462064998536
0,153.573351385708,195.728585445349,146.426631216921,157.016438835999,-194.177355005732,-241.069718027127,-15.785214619846,-236.774767698017,-1.01992383353866,19.4407370862093,-15.5647194943563,-14.3662515094526,-1.20702382246689,1.77688167466659,-10.0875745101499,-1.23711310025252,-17.0248891895658,-1.77452269471816,0.389317881370735,-10.9513340606781,10.4609895575924,50.1459948657595,0.628493116039111,10.0303546080961,27.7071681263274,31.9000425362404,14.1543288058792,32.0535713076259,-13.6925374969656,37.0958796299123,30.5925750690251,12.8254759820848,-3.77305626354927,-51.8549282702114,10.4294173368908,17.156254645551,-28.526050783212,-27.4385591428589,-1.28333571132076,-20.8587157366508,28.9896159768282,-29.7955204930599,-24.4312499085237,6.39620300907501
